date,day_of_week,hour,weather,has_event,is_holiday,actual_covers
2023-01-01,6,11,sunny,0,1,19
2023-01-01,6,12,sunny,0,1,58
2023-01-01,6,13,sunny,0,1,61
2023-01-01,6,14,sunny,0,1,39
2023-01-01,6,15,sunny,0,1,26
2023-01-01,6,16,sunny,0,1,14
2023-01-01,6,17,sunny,0,1,25
2023-01-01,6,18,sunny,0,1,71
2023-01-01,6,19,sunny,0,1,84
2023-01-01,6,20,sunny,0,1,74
2023-01-01,6,21,sunny,0,1,46
2023-01-02,0,11,cloudy,0,0,6
2023-01-02,0,12,cloudy,0,0,19
2023-01-02,0,13,cloudy,0,0,29
2023-01-02,0,14,cloudy,0,0,16
2023-01-02,0,15,cloudy,0,0,8
2023-01-02,0,16,cloudy,0,0,7
2023-01-02,0,17,cloudy,0,0,11
2023-01-02,0,18,cloudy,0,0,30
2023-01-02,0,19,cloudy,0,0,33
2023-01-02,0,20,cloudy,0,0,32
2023-01-02,0,21,cloudy,0,0,20
2023-01-03,1,11,cloudy,0,0,7
2023-01-03,1,12,cloudy,0,0,21
2023-01-03,1,13,cloudy,0,0,25
2023-01-03,1,14,cloudy,0,0,22
2023-01-03,1,15,cloudy,0,0,9
2023-01-03,1,16,cloudy,0,0,5
2023-01-03,1,17,cloudy,0,0,13
2023-01-03,1,18,cloudy,0,0,25
2023-01-03,1,19,cloudy,0,0,41
2023-01-03,1,20,cloudy,0,0,26
2023-01-03,1,21,cloudy,0,0,16
2023-01-04,2,11,stormy,0,0,4
2023-01-04,2,12,stormy,0,0,13
2023-01-04,2,13,stormy,0,0,15
2023-01-04,2,14,stormy,0,0,9
2023-01-04,2,15,stormy,0,0,5
2023-01-04,2,16,stormy,0,0,2
2023-01-04,2,17,stormy,0,0,6
2023-01-04,2,18,stormy,0,0,15
2023-01-04,2,19,stormy,0,0,24
2023-01-04,2,20,stormy,0,0,20
2023-01-04,2,21,stormy,0,0,8
2023-01-05,3,11,sunny,0,0,8
2023-01-05,3,12,sunny,0,0,27
2023-01-05,3,13,sunny,0,0,36
2023-01-05,3,14,sunny,0,0,23
2023-01-05,3,15,sunny,0,0,10
2023-01-05,3,16,sunny,0,0,6
2023-01-05,3,17,sunny,0,0,14
2023-01-05,3,18,sunny,0,0,38
2023-01-05,3,19,sunny,0,0,43
2023-01-05,3,20,sunny,0,0,39
2023-01-05,3,21,sunny,0,0,19
2023-01-06,4,11,rainy,0,0,6
2023-01-06,4,12,rainy,0,0,19
2023-01-06,4,13,rainy,0,0,27
2023-01-06,4,14,rainy,0,0,16
2023-01-06,4,15,rainy,0,0,8
2023-01-06,4,16,rainy,0,0,5
2023-01-06,4,17,rainy,0,0,12
2023-01-06,4,18,rainy,0,0,26
2023-01-06,4,19,rainy,0,0,41
2023-01-06,4,20,rainy,0,0,21
2023-01-06,4,21,rainy,0,0,19
2023-01-07,5,11,sunny,0,0,13
2023-01-07,5,12,sunny,0,0,34
2023-01-07,5,13,sunny,0,0,45
2023-01-07,5,14,sunny,0,0,22
2023-01-07,5,15,sunny,0,0,15
2023-01-07,5,16,sunny,0,0,10
2023-01-07,5,17,sunny,0,0,22
2023-01-07,5,18,sunny,0,0,45
2023-01-07,5,19,sunny,0,0,58
2023-01-07,5,20,sunny,0,0,52
2023-01-07,5,21,sunny,0,0,35
2023-01-08,6,11,rainy,0,0,8
2023-01-08,6,12,rainy,0,0,23
2023-01-08,6,13,rainy,0,0,32
2023-01-08,6,14,rainy,0,0,17
2023-01-08,6,15,rainy,0,0,9
2023-01-08,6,16,rainy,0,0,5
2023-01-08,6,17,rainy,0,0,10
2023-01-08,6,18,rainy,0,0,32
2023-01-08,6,19,rainy,0,0,42
2023-01-08,6,20,rainy,0,0,36
2023-01-08,6,21,rainy,0,0,20
2023-01-09,0,11,cloudy,0,0,7
2023-01-09,0,12,cloudy,0,0,19
2023-01-09,0,13,cloudy,0,0,27
2023-01-09,0,14,cloudy,0,0,18
2023-01-09,0,15,cloudy,0,0,12
2023-01-09,0,16,cloudy,0,0,6
2023-01-09,0,17,cloudy,0,0,12
2023-01-09,0,18,cloudy,0,0,29
2023-01-09,0,19,cloudy,0,0,30
2023-01-09,0,20,cloudy,0,0,34
2023-01-09,0,21,cloudy,0,0,20
2023-01-10,1,11,sunny,0,0,11
2023-01-10,1,12,sunny,0,0,24
2023-01-10,1,13,sunny,0,0,33
2023-01-10,1,14,sunny,0,0,20
2023-01-10,1,15,sunny,0,0,9
2023-01-10,1,16,sunny,0,0,7
2023-01-10,1,17,sunny,0,0,15
2023-01-10,1,18,sunny,0,0,37
2023-01-10,1,19,sunny,0,0,40
2023-01-10,1,20,sunny,0,0,47
2023-01-10,1,21,sunny,0,0,19
2023-01-11,2,11,cloudy,0,0,7
2023-01-11,2,12,cloudy,0,0,20
2023-01-11,2,13,cloudy,0,0,28
2023-01-11,2,14,cloudy,0,0,16
2023-01-11,2,15,cloudy,0,0,8
2023-01-11,2,16,cloudy,0,0,6
2023-01-11,2,17,cloudy,0,0,10
2023-01-11,2,18,cloudy,0,0,31
2023-01-11,2,19,cloudy,0,0,35
2023-01-11,2,20,cloudy,0,0,41
2023-01-11,2,21,cloudy,0,0,18
2023-01-12,3,11,stormy,0,0,4
2023-01-12,3,12,stormy,0,0,13
2023-01-12,3,13,stormy,0,0,13
2023-01-12,3,14,stormy,0,0,10
2023-01-12,3,15,stormy,0,0,6
2023-01-12,3,16,stormy,0,0,2
2023-01-12,3,17,stormy,0,0,6
2023-01-12,3,18,stormy,0,0,17
2023-01-12,3,19,stormy,0,0,24
2023-01-12,3,20,stormy,0,0,16
2023-01-12,3,21,stormy,0,0,9
2023-01-13,4,11,rainy,0,0,7
2023-01-13,4,12,rainy,0,0,20
2023-01-13,4,13,rainy,0,0,22
2023-01-13,4,14,rainy,0,0,16
2023-01-13,4,15,rainy,0,0,9
2023-01-13,4,16,rainy,0,0,4
2023-01-13,4,17,rainy,0,0,12
2023-01-13,4,18,rainy,0,0,27
2023-01-13,4,19,rainy,0,0,30
2023-01-13,4,20,rainy,0,0,33
2023-01-13,4,21,rainy,0,0,15
2023-01-14,5,11,sunny,0,0,14
2023-01-14,5,12,sunny,0,0,39
2023-01-14,5,13,sunny,0,0,47
2023-01-14,5,14,sunny,0,0,31
2023-01-14,5,15,sunny,0,0,19
2023-01-14,5,16,sunny,0,0,9
2023-01-14,5,17,sunny,0,0,17
2023-01-14,5,18,sunny,0,0,43
2023-01-14,5,19,sunny,0,0,58
2023-01-14,5,20,sunny,0,0,55
2023-01-14,5,21,sunny,0,0,33
2023-01-15,6,11,rainy,0,0,8
2023-01-15,6,12,rainy,0,0,26
2023-01-15,6,13,rainy,0,0,28
2023-01-15,6,14,rainy,0,0,24
2023-01-15,6,15,rainy,0,0,11
2023-01-15,6,16,rainy,0,0,5
2023-01-15,6,17,rainy,0,0,10
2023-01-15,6,18,rainy,0,0,33
2023-01-15,6,19,rainy,0,0,40
2023-01-15,6,20,rainy,0,0,39
2023-01-15,6,21,rainy,0,0,21
2023-01-16,0,11,stormy,0,0,4
2023-01-16,0,12,stormy,0,0,10
2023-01-16,0,13,stormy,0,0,12
2023-01-16,0,14,stormy,0,0,9
2023-01-16,0,15,stormy,0,0,6
2023-01-16,0,16,stormy,0,0,3
2023-01-16,0,17,stormy,0,0,5
2023-01-16,0,18,stormy,0,0,16
2023-01-16,0,19,stormy,0,0,23
2023-01-16,0,20,stormy,0,0,17
2023-01-16,0,21,stormy,0,0,11
2023-01-17,1,11,cloudy,0,0,8
2023-01-17,1,12,cloudy,0,0,18
2023-01-17,1,13,cloudy,0,0,29
2023-01-17,1,14,cloudy,0,0,19
2023-01-17,1,15,cloudy,0,0,11
2023-01-17,1,16,cloudy,0,0,6
2023-01-17,1,17,cloudy,0,0,10
2023-01-17,1,18,cloudy,0,0,26
2023-01-17,1,19,cloudy,0,0,42
2023-01-17,1,20,cloudy,0,0,37
2023-01-17,1,21,cloudy,0,0,21
2023-01-18,2,11,rainy,0,0,9
2023-01-18,2,12,rainy,0,0,19
2023-01-18,2,13,rainy,0,0,24
2023-01-18,2,14,rainy,0,0,13
2023-01-18,2,15,rainy,0,0,8
2023-01-18,2,16,rainy,0,0,4
2023-01-18,2,17,rainy,0,0,9
2023-01-18,2,18,rainy,0,0,22
2023-01-18,2,19,rainy,0,0,32
2023-01-18,2,20,rainy,0,0,35
2023-01-18,2,21,rainy,0,0,12
2023-01-19,3,11,sunny,0,0,8
2023-01-19,3,12,sunny,0,0,28
2023-01-19,3,13,sunny,0,0,32
2023-01-19,3,14,sunny,0,0,18
2023-01-19,3,15,sunny,0,0,10
2023-01-19,3,16,sunny,0,0,7
2023-01-19,3,17,sunny,0,0,12
2023-01-19,3,18,sunny,0,0,35
2023-01-19,3,19,sunny,0,0,46
2023-01-19,3,20,sunny,0,0,37
2023-01-19,3,21,sunny,0,0,28
2023-01-20,4,11,rainy,0,0,7
2023-01-20,4,12,rainy,0,0,14
2023-01-20,4,13,rainy,0,0,25
2023-01-20,4,14,rainy,0,0,14
2023-01-20,4,15,rainy,0,0,9
2023-01-20,4,16,rainy,0,0,4
2023-01-20,4,17,rainy,0,0,10
2023-01-20,4,18,rainy,0,0,27
2023-01-20,4,19,rainy,0,0,38
2023-01-20,4,20,rainy,0,0,26
2023-01-20,4,21,rainy,0,0,16
2023-01-21,5,11,sunny,0,0,15
2023-01-21,5,12,sunny,0,0,37
2023-01-21,5,13,sunny,0,0,38
2023-01-21,5,14,sunny,0,0,32
2023-01-21,5,15,sunny,0,0,20
2023-01-21,5,16,sunny,0,0,10
2023-01-21,5,17,sunny,0,0,15
2023-01-21,5,18,sunny,0,0,45
2023-01-21,5,19,sunny,0,0,74
2023-01-21,5,20,sunny,0,0,51
2023-01-21,5,21,sunny,0,0,33
2023-01-22,6,11,cloudy,1,0,15
2023-01-22,6,12,cloudy,1,0,23
2023-01-22,6,13,cloudy,1,0,43
2023-01-22,6,14,cloudy,1,0,30
2023-01-22,6,15,cloudy,1,0,14
2023-01-22,6,16,cloudy,1,0,12
2023-01-22,6,17,cloudy,1,0,17
2023-01-22,6,18,cloudy,1,0,49
2023-01-22,6,19,cloudy,1,0,71
2023-01-22,6,20,cloudy,1,0,72
2023-01-22,6,21,cloudy,1,0,29
2023-01-23,0,11,cloudy,0,0,7
2023-01-23,0,12,cloudy,0,0,23
2023-01-23,0,13,cloudy,0,0,28
2023-01-23,0,14,cloudy,0,0,16
2023-01-23,0,15,cloudy,0,0,10
2023-01-23,0,16,cloudy,0,0,5
2023-01-23,0,17,cloudy,0,0,12
2023-01-23,0,18,cloudy,0,0,32
2023-01-23,0,19,cloudy,0,0,47
2023-01-23,0,20,cloudy,0,0,29
2023-01-23,0,21,cloudy,0,0,25
2023-01-24,1,11,stormy,0,0,3
2023-01-24,1,12,stormy,0,0,12
2023-01-24,1,13,stormy,0,0,14
2023-01-24,1,14,stormy,0,0,9
2023-01-24,1,15,stormy,0,0,5
2023-01-24,1,16,stormy,0,0,3
2023-01-24,1,17,stormy,0,0,7
2023-01-24,1,18,stormy,0,0,17
2023-01-24,1,19,stormy,0,0,20
2023-01-24,1,20,stormy,0,0,21
2023-01-24,1,21,stormy,0,0,11
2023-01-25,2,11,rainy,0,0,5
2023-01-25,2,12,rainy,0,0,16
2023-01-25,2,13,rainy,0,0,24
2023-01-25,2,14,rainy,0,0,15
2023-01-25,2,15,rainy,0,0,7
2023-01-25,2,16,rainy,0,0,4
2023-01-25,2,17,rainy,0,0,11
2023-01-25,2,18,rainy,0,0,22
2023-01-25,2,19,rainy,0,0,34
2023-01-25,2,20,rainy,0,0,27
2023-01-25,2,21,rainy,0,0,15
2023-01-26,3,11,rainy,0,0,7
2023-01-26,3,12,rainy,0,0,20
2023-01-26,3,13,rainy,0,0,22
2023-01-26,3,14,rainy,0,0,15
2023-01-26,3,15,rainy,0,0,7
2023-01-26,3,16,rainy,0,0,4
2023-01-26,3,17,rainy,0,0,9
2023-01-26,3,18,rainy,0,0,24
2023-01-26,3,19,rainy,0,0,34
2023-01-26,3,20,rainy,0,0,25
2023-01-26,3,21,rainy,0,0,20
2023-01-27,4,11,sunny,0,0,11
2023-01-27,4,12,sunny,0,0,30
2023-01-27,4,13,sunny,0,0,38
2023-01-27,4,14,sunny,0,0,24
2023-01-27,4,15,sunny,0,0,12
2023-01-27,4,16,sunny,0,0,6
2023-01-27,4,17,sunny,0,0,15
2023-01-27,4,18,sunny,0,0,34
2023-01-27,4,19,sunny,0,0,56
2023-01-27,4,20,sunny,0,0,43
2023-01-27,4,21,sunny,0,0,22
2023-01-28,5,11,sunny,0,0,12
2023-01-28,5,12,sunny,0,0,31
2023-01-28,5,13,sunny,0,0,46
2023-01-28,5,14,sunny,0,0,29
2023-01-28,5,15,sunny,0,0,15
2023-01-28,5,16,sunny,0,0,9
2023-01-28,5,17,sunny,0,0,19
2023-01-28,5,18,sunny,0,0,39
2023-01-28,5,19,sunny,0,0,53
2023-01-28,5,20,sunny,0,0,51
2023-01-28,5,21,sunny,0,0,31
2023-01-29,6,11,rainy,0,0,9
2023-01-29,6,12,rainy,0,0,22
2023-01-29,6,13,rainy,0,0,29
2023-01-29,6,14,rainy,0,0,16
2023-01-29,6,15,rainy,0,0,10
2023-01-29,6,16,rainy,0,0,6
2023-01-29,6,17,rainy,0,0,12
2023-01-29,6,18,rainy,0,0,28
2023-01-29,6,19,rainy,0,0,44
2023-01-29,6,20,rainy,0,0,43
2023-01-29,6,21,rainy,0,0,20
2023-01-30,0,11,sunny,0,0,9
2023-01-30,0,12,sunny,0,0,25
2023-01-30,0,13,sunny,0,0,32
2023-01-30,0,14,sunny,0,0,20
2023-01-30,0,15,sunny,0,0,10
2023-01-30,0,16,sunny,0,0,6
2023-01-30,0,17,sunny,0,0,14
2023-01-30,0,18,sunny,0,0,40
2023-01-30,0,19,sunny,0,0,51
2023-01-30,0,20,sunny,0,0,50
2023-01-30,0,21,sunny,0,0,20
2023-01-31,1,11,cloudy,0,0,10
2023-01-31,1,12,cloudy,0,0,19
2023-01-31,1,13,cloudy,0,0,25
2023-01-31,1,14,cloudy,0,0,16
2023-01-31,1,15,cloudy,0,0,7
2023-01-31,1,16,cloudy,0,0,5
2023-01-31,1,17,cloudy,0,0,10
2023-01-31,1,18,cloudy,0,0,30
2023-01-31,1,19,cloudy,0,0,41
2023-01-31,1,20,cloudy,0,0,42
2023-01-31,1,21,cloudy,0,0,22
2023-02-01,2,11,cloudy,0,0,7
2023-02-01,2,12,cloudy,0,0,18
2023-02-01,2,13,cloudy,0,0,34
2023-02-01,2,14,cloudy,0,0,20
2023-02-01,2,15,cloudy,0,0,9
2023-02-01,2,16,cloudy,0,0,4
2023-02-01,2,17,cloudy,0,0,13
2023-02-01,2,18,cloudy,0,0,29
2023-02-01,2,19,cloudy,0,0,45
2023-02-01,2,20,cloudy,0,0,28
2023-02-01,2,21,cloudy,0,0,18
2023-02-02,3,11,sunny,0,0,9
2023-02-02,3,12,sunny,0,0,25
2023-02-02,3,13,sunny,0,0,30
2023-02-02,3,14,sunny,0,0,22
2023-02-02,3,15,sunny,0,0,10
2023-02-02,3,16,sunny,0,0,6
2023-02-02,3,17,sunny,0,0,13
2023-02-02,3,18,sunny,0,0,36
2023-02-02,3,19,sunny,0,0,49
2023-02-02,3,20,sunny,0,0,34
2023-02-02,3,21,sunny,0,0,18
2023-02-03,4,11,sunny,0,0,11
2023-02-03,4,12,sunny,0,0,33
2023-02-03,4,13,sunny,0,0,35
2023-02-03,4,14,sunny,0,0,25
2023-02-03,4,15,sunny,0,0,12
2023-02-03,4,16,sunny,0,0,9
2023-02-03,4,17,sunny,0,0,18
2023-02-03,4,18,sunny,0,0,36
2023-02-03,4,19,sunny,0,0,56
2023-02-03,4,20,sunny,0,0,47
2023-02-03,4,21,sunny,0,0,29
2023-02-04,5,11,rainy,0,0,10
2023-02-04,5,12,rainy,0,0,19
2023-02-04,5,13,rainy,0,0,26
2023-02-04,5,14,rainy,0,0,15
2023-02-04,5,15,rainy,0,0,10
2023-02-04,5,16,rainy,0,0,7
2023-02-04,5,17,rainy,0,0,15
2023-02-04,5,18,rainy,0,0,33
2023-02-04,5,19,rainy,0,0,53
2023-02-04,5,20,rainy,0,0,32
2023-02-04,5,21,rainy,0,0,17
2023-02-05,6,11,cloudy,0,0,10
2023-02-05,6,12,cloudy,0,0,21
2023-02-05,6,13,cloudy,0,0,36
2023-02-05,6,14,cloudy,0,0,19
2023-02-05,6,15,cloudy,0,0,14
2023-02-05,6,16,cloudy,0,0,8
2023-02-05,6,17,cloudy,0,0,13
2023-02-05,6,18,cloudy,0,0,36
2023-02-05,6,19,cloudy,0,0,45
2023-02-05,6,20,cloudy,0,0,45
2023-02-05,6,21,cloudy,0,0,28
2023-02-06,0,11,cloudy,0,0,7
2023-02-06,0,12,cloudy,0,0,19
2023-02-06,0,13,cloudy,0,0,27
2023-02-06,0,14,cloudy,0,0,15
2023-02-06,0,15,cloudy,0,0,9
2023-02-06,0,16,cloudy,0,0,5
2023-02-06,0,17,cloudy,0,0,14
2023-02-06,0,18,cloudy,0,0,30
2023-02-06,0,19,cloudy,0,0,36
2023-02-06,0,20,cloudy,0,0,35
2023-02-06,0,21,cloudy,0,0,19
2023-02-07,1,11,rainy,0,0,6
2023-02-07,1,12,rainy,0,0,16
2023-02-07,1,13,rainy,0,0,20
2023-02-07,1,14,rainy,0,0,13
2023-02-07,1,15,rainy,0,0,5
2023-02-07,1,16,rainy,0,0,3
2023-02-07,1,17,rainy,0,0,11
2023-02-07,1,18,rainy,0,0,28
2023-02-07,1,19,rainy,0,0,31
2023-02-07,1,20,rainy,0,0,29
2023-02-07,1,21,rainy,0,0,16
2023-02-08,2,11,cloudy,0,0,7
2023-02-08,2,12,cloudy,0,0,19
2023-02-08,2,13,cloudy,0,0,22
2023-02-08,2,14,cloudy,0,0,18
2023-02-08,2,15,cloudy,0,0,9
2023-02-08,2,16,cloudy,0,0,4
2023-02-08,2,17,cloudy,0,0,11
2023-02-08,2,18,cloudy,0,0,26
2023-02-08,2,19,cloudy,0,0,48
2023-02-08,2,20,cloudy,0,0,38
2023-02-08,2,21,cloudy,0,0,19
2023-02-09,3,11,sunny,0,0,10
2023-02-09,3,12,sunny,0,0,29
2023-02-09,3,13,sunny,0,0,34
2023-02-09,3,14,sunny,0,0,18
2023-02-09,3,15,sunny,0,0,11
2023-02-09,3,16,sunny,0,0,6
2023-02-09,3,17,sunny,0,0,11
2023-02-09,3,18,sunny,0,0,38
2023-02-09,3,19,sunny,0,0,56
2023-02-09,3,20,sunny,0,0,33
2023-02-09,3,21,sunny,0,0,24
2023-02-10,4,11,sunny,0,0,9
2023-02-10,4,12,sunny,0,0,26
2023-02-10,4,13,sunny,0,0,32
2023-02-10,4,14,sunny,0,0,20
2023-02-10,4,15,sunny,0,0,12
2023-02-10,4,16,sunny,0,0,6
2023-02-10,4,17,sunny,0,0,15
2023-02-10,4,18,sunny,0,0,37
2023-02-10,4,19,sunny,0,0,49
2023-02-10,4,20,sunny,0,0,39
2023-02-10,4,21,sunny,0,0,23
2023-02-11,5,11,sunny,0,0,14
2023-02-11,5,12,sunny,0,0,35
2023-02-11,5,13,sunny,0,0,49
2023-02-11,5,14,sunny,0,0,23
2023-02-11,5,15,sunny,0,0,17
2023-02-11,5,16,sunny,0,0,8
2023-02-11,5,17,sunny,0,0,20
2023-02-11,5,18,sunny,0,0,43
2023-02-11,5,19,sunny,0,0,50
2023-02-11,5,20,sunny,0,0,45
2023-02-11,5,21,sunny,0,0,32
2023-02-12,6,11,sunny,0,0,12
2023-02-12,6,12,sunny,0,0,26
2023-02-12,6,13,sunny,0,0,41
2023-02-12,6,14,sunny,0,0,22
2023-02-12,6,15,sunny,0,0,13
2023-02-12,6,16,sunny,0,0,9
2023-02-12,6,17,sunny,0,0,16
2023-02-12,6,18,sunny,0,0,42
2023-02-12,6,19,sunny,0,0,67
2023-02-12,6,20,sunny,0,0,48
2023-02-12,6,21,sunny,0,0,32
2023-02-13,0,11,rainy,0,0,5
2023-02-13,0,12,rainy,0,0,12
2023-02-13,0,13,rainy,0,0,20
2023-02-13,0,14,rainy,0,0,15
2023-02-13,0,15,rainy,0,0,7
2023-02-13,0,16,rainy,0,0,5
2023-02-13,0,17,rainy,0,0,8
2023-02-13,0,18,rainy,0,0,24
2023-02-13,0,19,rainy,0,0,31
2023-02-13,0,20,rainy,0,0,31
2023-02-13,0,21,rainy,0,0,16
2023-02-14,1,11,sunny,0,0,8
2023-02-14,1,12,sunny,0,0,23
2023-02-14,1,13,sunny,0,0,33
2023-02-14,1,14,sunny,0,0,19
2023-02-14,1,15,sunny,0,0,11
2023-02-14,1,16,sunny,0,0,8
2023-02-14,1,17,sunny,0,0,15
2023-02-14,1,18,sunny,0,0,33
2023-02-14,1,19,sunny,0,0,52
2023-02-14,1,20,sunny,0,0,38
2023-02-14,1,21,sunny,0,0,17
2023-02-15,2,11,cloudy,0,0,7
2023-02-15,2,12,cloudy,0,0,22
2023-02-15,2,13,cloudy,0,0,33
2023-02-15,2,14,cloudy,0,0,18
2023-02-15,2,15,cloudy,0,0,9
2023-02-15,2,16,cloudy,0,0,6
2023-02-15,2,17,cloudy,0,0,8
2023-02-15,2,18,cloudy,0,0,30
2023-02-15,2,19,cloudy,0,0,43
2023-02-15,2,20,cloudy,0,0,28
2023-02-15,2,21,cloudy,0,0,22
2023-02-16,3,11,sunny,0,0,9
2023-02-16,3,12,sunny,0,0,32
2023-02-16,3,13,sunny,0,0,32
2023-02-16,3,14,sunny,0,0,21
2023-02-16,3,15,sunny,0,0,10
2023-02-16,3,16,sunny,0,0,6
2023-02-16,3,17,sunny,0,0,15
2023-02-16,3,18,sunny,0,0,30
2023-02-16,3,19,sunny,0,0,46
2023-02-16,3,20,sunny,0,0,37
2023-02-16,3,21,sunny,0,0,24
2023-02-17,4,11,sunny,0,0,10
2023-02-17,4,12,sunny,0,0,26
2023-02-17,4,13,sunny,0,0,31
2023-02-17,4,14,sunny,0,0,21
2023-02-17,4,15,sunny,0,0,13
2023-02-17,4,16,sunny,0,0,8
2023-02-17,4,17,sunny,0,0,13
2023-02-17,4,18,sunny,0,0,41
2023-02-17,4,19,sunny,0,0,58
2023-02-17,4,20,sunny,0,0,46
2023-02-17,4,21,sunny,0,0,30
2023-02-18,5,11,sunny,0,0,10
2023-02-18,5,12,sunny,0,0,41
2023-02-18,5,13,sunny,0,0,48
2023-02-18,5,14,sunny,0,0,28
2023-02-18,5,15,sunny,0,0,16
2023-02-18,5,16,sunny,0,0,8
2023-02-18,5,17,sunny,0,0,24
2023-02-18,5,18,sunny,0,0,49
2023-02-18,5,19,sunny,0,0,65
2023-02-18,5,20,sunny,0,0,61
2023-02-18,5,21,sunny,0,0,34
2023-02-19,6,11,rainy,0,0,8
2023-02-19,6,12,rainy,0,0,28
2023-02-19,6,13,rainy,0,0,33
2023-02-19,6,14,rainy,0,0,22
2023-02-19,6,15,rainy,0,0,9
2023-02-19,6,16,rainy,0,0,5
2023-02-19,6,17,rainy,0,0,12
2023-02-19,6,18,rainy,0,0,31
2023-02-19,6,19,rainy,0,0,47
2023-02-19,6,20,rainy,0,0,29
2023-02-19,6,21,rainy,0,0,24
2023-02-20,0,11,sunny,0,0,8
2023-02-20,0,12,sunny,0,0,20
2023-02-20,0,13,sunny,0,0,35
2023-02-20,0,14,sunny,0,0,20
2023-02-20,0,15,sunny,0,0,9
2023-02-20,0,16,sunny,0,0,5
2023-02-20,0,17,sunny,0,0,13
2023-02-20,0,18,sunny,0,0,41
2023-02-20,0,19,sunny,0,0,44
2023-02-20,0,20,sunny,0,0,32
2023-02-20,0,21,sunny,0,0,22
2023-02-21,1,11,cloudy,0,0,7
2023-02-21,1,12,cloudy,0,0,21
2023-02-21,1,13,cloudy,0,0,30
2023-02-21,1,14,cloudy,0,0,21
2023-02-21,1,15,cloudy,0,0,11
2023-02-21,1,16,cloudy,0,0,5
2023-02-21,1,17,cloudy,0,0,10
2023-02-21,1,18,cloudy,0,0,39
2023-02-21,1,19,cloudy,0,0,40
2023-02-21,1,20,cloudy,0,0,35
2023-02-21,1,21,cloudy,0,0,19
2023-02-22,2,11,sunny,0,0,8
2023-02-22,2,12,sunny,0,0,23
2023-02-22,2,13,sunny,0,0,32
2023-02-22,2,14,sunny,0,0,19
2023-02-22,2,15,sunny,0,0,10
2023-02-22,2,16,sunny,0,0,6
2023-02-22,2,17,sunny,0,0,13
2023-02-22,2,18,sunny,0,0,40
2023-02-22,2,19,sunny,0,0,31
2023-02-22,2,20,sunny,0,0,45
2023-02-22,2,21,sunny,0,0,26
2023-02-23,3,11,sunny,0,0,6
2023-02-23,3,12,sunny,0,0,21
2023-02-23,3,13,sunny,0,0,29
2023-02-23,3,14,sunny,0,0,17
2023-02-23,3,15,sunny,0,0,13
2023-02-23,3,16,sunny,0,0,7
2023-02-23,3,17,sunny,0,0,15
2023-02-23,3,18,sunny,0,0,37
2023-02-23,3,19,sunny,0,0,39
2023-02-23,3,20,sunny,0,0,37
2023-02-23,3,21,sunny,0,0,24
2023-02-24,4,11,cloudy,0,0,8
2023-02-24,4,12,cloudy,0,0,23
2023-02-24,4,13,cloudy,0,0,33
2023-02-24,4,14,cloudy,0,0,20
2023-02-24,4,15,cloudy,0,0,10
2023-02-24,4,16,cloudy,0,0,7
2023-02-24,4,17,cloudy,0,0,11
2023-02-24,4,18,cloudy,0,0,35
2023-02-24,4,19,cloudy,0,0,47
2023-02-24,4,20,cloudy,0,0,37
2023-02-24,4,21,cloudy,0,0,22
2023-02-25,5,11,cloudy,0,0,9
2023-02-25,5,12,cloudy,0,0,28
2023-02-25,5,13,cloudy,0,0,44
2023-02-25,5,14,cloudy,0,0,23
2023-02-25,5,15,cloudy,0,0,11
2023-02-25,5,16,cloudy,0,0,6
2023-02-25,5,17,cloudy,0,0,18
2023-02-25,5,18,cloudy,0,0,35
2023-02-25,5,19,cloudy,0,0,67
2023-02-25,5,20,cloudy,0,0,36
2023-02-25,5,21,cloudy,0,0,33
2023-02-26,6,11,sunny,0,0,11
2023-02-26,6,12,sunny,0,0,34
2023-02-26,6,13,sunny,0,0,41
2023-02-26,6,14,sunny,0,0,30
2023-02-26,6,15,sunny,0,0,15
2023-02-26,6,16,sunny,0,0,9
2023-02-26,6,17,sunny,0,0,17
2023-02-26,6,18,sunny,0,0,44
2023-02-26,6,19,sunny,0,0,62
2023-02-26,6,20,sunny,0,0,41
2023-02-26,6,21,sunny,0,0,25
2023-02-27,0,11,sunny,0,0,10
2023-02-27,0,12,sunny,0,0,25
2023-02-27,0,13,sunny,0,0,33
2023-02-27,0,14,sunny,0,0,19
2023-02-27,0,15,sunny,0,0,10
2023-02-27,0,16,sunny,0,0,7
2023-02-27,0,17,sunny,0,0,12
2023-02-27,0,18,sunny,0,0,36
2023-02-27,0,19,sunny,0,0,36
2023-02-27,0,20,sunny,0,0,45
2023-02-27,0,21,sunny,0,0,24
2023-02-28,1,11,sunny,1,0,12
2023-02-28,1,12,sunny,1,0,38
2023-02-28,1,13,sunny,1,0,52
2023-02-28,1,14,sunny,1,0,31
2023-02-28,1,15,sunny,1,0,12
2023-02-28,1,16,sunny,1,0,7
2023-02-28,1,17,sunny,1,0,17
2023-02-28,1,18,sunny,1,0,46
2023-02-28,1,19,sunny,1,0,65
2023-02-28,1,20,sunny,1,0,49
2023-02-28,1,21,sunny,1,0,31
2023-03-01,2,11,sunny,0,0,8
2023-03-01,2,12,sunny,0,0,22
2023-03-01,2,13,sunny,0,0,26
2023-03-01,2,14,sunny,0,0,18
2023-03-01,2,15,sunny,0,0,12
2023-03-01,2,16,sunny,0,0,6
2023-03-01,2,17,sunny,0,0,18
2023-03-01,2,18,sunny,0,0,36
2023-03-01,2,19,sunny,0,0,47
2023-03-01,2,20,sunny,0,0,36
2023-03-01,2,21,sunny,0,0,24
2023-03-02,3,11,sunny,0,0,8
2023-03-02,3,12,sunny,0,0,25
2023-03-02,3,13,sunny,0,0,42
2023-03-02,3,14,sunny,0,0,20
2023-03-02,3,15,sunny,0,0,13
2023-03-02,3,16,sunny,0,0,6
2023-03-02,3,17,sunny,0,0,13
2023-03-02,3,18,sunny,0,0,41
2023-03-02,3,19,sunny,0,0,42
2023-03-02,3,20,sunny,0,0,49
2023-03-02,3,21,sunny,0,0,24
2023-03-03,4,11,rainy,0,0,6
2023-03-03,4,12,rainy,0,0,20
2023-03-03,4,13,rainy,0,0,19
2023-03-03,4,14,rainy,0,0,14
2023-03-03,4,15,rainy,0,0,8
2023-03-03,4,16,rainy,0,0,5
2023-03-03,4,17,rainy,0,0,11
2023-03-03,4,18,rainy,0,0,26
2023-03-03,4,19,rainy,0,0,29
2023-03-03,4,20,rainy,0,0,32
2023-03-03,4,21,rainy,0,0,18
2023-03-04,5,11,rainy,0,0,9
2023-03-04,5,12,rainy,0,0,25
2023-03-04,5,13,rainy,0,0,31
2023-03-04,5,14,rainy,0,0,16
2023-03-04,5,15,rainy,0,0,11
2023-03-04,5,16,rainy,0,0,6
2023-03-04,5,17,rainy,0,0,13
2023-03-04,5,18,rainy,0,0,28
2023-03-04,5,19,rainy,0,0,38
2023-03-04,5,20,rainy,0,0,44
2023-03-04,5,21,rainy,0,0,22
2023-03-05,6,11,rainy,0,0,9
2023-03-05,6,12,rainy,0,0,25
2023-03-05,6,13,rainy,0,0,27
2023-03-05,6,14,rainy,0,0,18
2023-03-05,6,15,rainy,0,0,9
2023-03-05,6,16,rainy,0,0,5
2023-03-05,6,17,rainy,0,0,12
2023-03-05,6,18,rainy,0,0,32
2023-03-05,6,19,rainy,0,0,39
2023-03-05,6,20,rainy,0,0,41
2023-03-05,6,21,rainy,0,0,18
2023-03-06,0,11,sunny,0,0,10
2023-03-06,0,12,sunny,0,0,25
2023-03-06,0,13,sunny,0,0,36
2023-03-06,0,14,sunny,0,0,17
2023-03-06,0,15,sunny,0,0,11
2023-03-06,0,16,sunny,0,0,7
2023-03-06,0,17,sunny,0,0,13
2023-03-06,0,18,sunny,0,0,38
2023-03-06,0,19,sunny,0,0,43
2023-03-06,0,20,sunny,0,0,47
2023-03-06,0,21,sunny,0,0,29
2023-03-07,1,11,rainy,0,0,6
2023-03-07,1,12,rainy,0,0,16
2023-03-07,1,13,rainy,0,0,26
2023-03-07,1,14,rainy,0,0,17
2023-03-07,1,15,rainy,0,0,7
2023-03-07,1,16,rainy,0,0,4
2023-03-07,1,17,rainy,0,0,9
2023-03-07,1,18,rainy,0,0,20
2023-03-07,1,19,rainy,0,0,28
2023-03-07,1,20,rainy,0,0,24
2023-03-07,1,21,rainy,0,0,14
2023-03-08,2,11,sunny,1,0,12
2023-03-08,2,12,sunny,1,0,35
2023-03-08,2,13,sunny,1,0,51
2023-03-08,2,14,sunny,1,0,24
2023-03-08,2,15,sunny,1,0,17
2023-03-08,2,16,sunny,1,0,9
2023-03-08,2,17,sunny,1,0,18
2023-03-08,2,18,sunny,1,0,50
2023-03-08,2,19,sunny,1,0,53
2023-03-08,2,20,sunny,1,0,56
2023-03-08,2,21,sunny,1,0,31
2023-03-09,3,11,cloudy,0,0,8
2023-03-09,3,12,cloudy,0,0,20
2023-03-09,3,13,cloudy,0,0,26
2023-03-09,3,14,cloudy,0,0,16
2023-03-09,3,15,cloudy,0,0,9
2023-03-09,3,16,cloudy,0,0,5
2023-03-09,3,17,cloudy,0,0,13
2023-03-09,3,18,cloudy,0,0,35
2023-03-09,3,19,cloudy,0,0,37
2023-03-09,3,20,cloudy,0,0,31
2023-03-09,3,21,cloudy,0,0,21
2023-03-10,4,11,rainy,0,0,7
2023-03-10,4,12,rainy,0,0,15
2023-03-10,4,13,rainy,0,0,29
2023-03-10,4,14,rainy,0,0,19
2023-03-10,4,15,rainy,0,0,8
2023-03-10,4,16,rainy,0,0,5
2023-03-10,4,17,rainy,0,0,10
2023-03-10,4,18,rainy,0,0,27
2023-03-10,4,19,rainy,0,0,37
2023-03-10,4,20,rainy,0,0,38
2023-03-10,4,21,rainy,0,0,17
2023-03-11,5,11,sunny,0,0,11
2023-03-11,5,12,sunny,0,0,35
2023-03-11,5,13,sunny,0,0,54
2023-03-11,5,14,sunny,0,0,27
2023-03-11,5,15,sunny,0,0,16
2023-03-11,5,16,sunny,0,0,9
2023-03-11,5,17,sunny,0,0,22
2023-03-11,5,18,sunny,0,0,62
2023-03-11,5,19,sunny,0,0,60
2023-03-11,5,20,sunny,0,0,53
2023-03-11,5,21,sunny,0,0,36
2023-03-12,6,11,cloudy,0,0,11
2023-03-12,6,12,cloudy,0,0,27
2023-03-12,6,13,cloudy,0,0,38
2023-03-12,6,14,cloudy,0,0,26
2023-03-12,6,15,cloudy,0,0,14
2023-03-12,6,16,cloudy,0,0,8
2023-03-12,6,17,cloudy,0,0,17
2023-03-12,6,18,cloudy,0,0,44
2023-03-12,6,19,cloudy,0,0,60
2023-03-12,6,20,cloudy,0,0,49
2023-03-12,6,21,cloudy,0,0,25
2023-03-13,0,11,sunny,0,0,9
2023-03-13,0,12,sunny,0,0,26
2023-03-13,0,13,sunny,0,0,30
2023-03-13,0,14,sunny,0,0,20
2023-03-13,0,15,sunny,0,0,13
2023-03-13,0,16,sunny,0,0,7
2023-03-13,0,17,sunny,0,0,13
2023-03-13,0,18,sunny,0,0,28
2023-03-13,0,19,sunny,0,0,50
2023-03-13,0,20,sunny,0,0,43
2023-03-13,0,21,sunny,0,0,28
2023-03-14,1,11,rainy,0,0,6
2023-03-14,1,12,rainy,0,0,20
2023-03-14,1,13,rainy,0,0,22
2023-03-14,1,14,rainy,0,0,14
2023-03-14,1,15,rainy,0,0,8
2023-03-14,1,16,rainy,0,0,4
2023-03-14,1,17,rainy,0,0,9
2023-03-14,1,18,rainy,0,0,24
2023-03-14,1,19,rainy,0,0,36
2023-03-14,1,20,rainy,0,0,24
2023-03-14,1,21,rainy,0,0,16
2023-03-15,2,11,sunny,0,0,8
2023-03-15,2,12,sunny,0,0,23
2023-03-15,2,13,sunny,0,0,33
2023-03-15,2,14,sunny,0,0,24
2023-03-15,2,15,sunny,0,0,11
2023-03-15,2,16,sunny,0,0,6
2023-03-15,2,17,sunny,0,0,16
2023-03-15,2,18,sunny,0,0,28
2023-03-15,2,19,sunny,0,0,33
2023-03-15,2,20,sunny,0,0,42
2023-03-15,2,21,sunny,0,0,21
2023-03-16,3,11,cloudy,0,0,8
2023-03-16,3,12,cloudy,0,0,20
2023-03-16,3,13,cloudy,0,0,23
2023-03-16,3,14,cloudy,0,0,19
2023-03-16,3,15,cloudy,0,0,10
2023-03-16,3,16,cloudy,0,0,5
2023-03-16,3,17,cloudy,0,0,14
2023-03-16,3,18,cloudy,0,0,26
2023-03-16,3,19,cloudy,0,0,32
2023-03-16,3,20,cloudy,0,0,32
2023-03-16,3,21,cloudy,0,0,19
2023-03-17,4,11,rainy,0,0,7
2023-03-17,4,12,rainy,0,0,16
2023-03-17,4,13,rainy,0,0,28
2023-03-17,4,14,rainy,0,0,15
2023-03-17,4,15,rainy,0,0,9
2023-03-17,4,16,rainy,0,0,5
2023-03-17,4,17,rainy,0,0,11
2023-03-17,4,18,rainy,0,0,28
2023-03-17,4,19,rainy,0,0,37
2023-03-17,4,20,rainy,0,0,33
2023-03-17,4,21,rainy,0,0,20
2023-03-18,5,11,sunny,1,0,17
2023-03-18,5,12,sunny,1,0,51
2023-03-18,5,13,sunny,1,0,60
2023-03-18,5,14,sunny,1,0,45
2023-03-18,5,15,sunny,1,0,19
2023-03-18,5,16,sunny,1,0,15
2023-03-18,5,17,sunny,1,0,25
2023-03-18,5,18,sunny,1,0,54
2023-03-18,5,19,sunny,1,0,88
2023-03-18,5,20,sunny,1,0,69
2023-03-18,5,21,sunny,1,0,47
2023-03-19,6,11,sunny,0,0,11
2023-03-19,6,12,sunny,0,0,31
2023-03-19,6,13,sunny,0,0,29
2023-03-19,6,14,sunny,0,0,21
2023-03-19,6,15,sunny,0,0,16
2023-03-19,6,16,sunny,0,0,9
2023-03-19,6,17,sunny,0,0,18
2023-03-19,6,18,sunny,0,0,39
2023-03-19,6,19,sunny,0,0,59
2023-03-19,6,20,sunny,0,0,52
2023-03-19,6,21,sunny,0,0,25
2023-03-20,0,11,cloudy,0,0,7
2023-03-20,0,12,cloudy,0,0,22
2023-03-20,0,13,cloudy,0,0,28
2023-03-20,0,14,cloudy,0,0,13
2023-03-20,0,15,cloudy,0,0,9
2023-03-20,0,16,cloudy,0,0,5
2023-03-20,0,17,cloudy,0,0,10
2023-03-20,0,18,cloudy,0,0,28
2023-03-20,0,19,cloudy,0,0,48
2023-03-20,0,20,cloudy,0,0,37
2023-03-20,0,21,cloudy,0,0,18
2023-03-21,1,11,sunny,0,0,9
2023-03-21,1,12,sunny,0,0,29
2023-03-21,1,13,sunny,0,0,35
2023-03-21,1,14,sunny,0,0,20
2023-03-21,1,15,sunny,0,0,10
2023-03-21,1,16,sunny,0,0,7
2023-03-21,1,17,sunny,0,0,14
2023-03-21,1,18,sunny,0,0,38
2023-03-21,1,19,sunny,0,0,49
2023-03-21,1,20,sunny,0,0,45
2023-03-21,1,21,sunny,0,0,21
2023-03-22,2,11,sunny,0,0,10
2023-03-22,2,12,sunny,0,0,25
2023-03-22,2,13,sunny,0,0,40
2023-03-22,2,14,sunny,0,0,18
2023-03-22,2,15,sunny,0,0,13
2023-03-22,2,16,sunny,0,0,7
2023-03-22,2,17,sunny,0,0,12
2023-03-22,2,18,sunny,0,0,32
2023-03-22,2,19,sunny,0,0,44
2023-03-22,2,20,sunny,0,0,42
2023-03-22,2,21,sunny,0,0,24
2023-03-23,3,11,cloudy,0,0,7
2023-03-23,3,12,cloudy,0,0,26
2023-03-23,3,13,cloudy,0,0,29
2023-03-23,3,14,cloudy,0,0,18
2023-03-23,3,15,cloudy,0,0,10
2023-03-23,3,16,cloudy,0,0,6
2023-03-23,3,17,cloudy,0,0,10
2023-03-23,3,18,cloudy,0,0,29
2023-03-23,3,19,cloudy,0,0,31
2023-03-23,3,20,cloudy,0,0,36
2023-03-23,3,21,cloudy,0,0,21
2023-03-24,4,11,rainy,0,0,6
2023-03-24,4,12,rainy,0,0,15
2023-03-24,4,13,rainy,0,0,25
2023-03-24,4,14,rainy,0,0,17
2023-03-24,4,15,rainy,0,0,10
2023-03-24,4,16,rainy,0,0,4
2023-03-24,4,17,rainy,0,0,11
2023-03-24,4,18,rainy,0,0,26
2023-03-24,4,19,rainy,0,0,34
2023-03-24,4,20,rainy,0,0,34
2023-03-24,4,21,rainy,0,0,18
2023-03-25,5,11,stormy,0,0,4
2023-03-25,5,12,stormy,0,0,19
2023-03-25,5,13,stormy,0,0,25
2023-03-25,5,14,stormy,0,0,12
2023-03-25,5,15,stormy,0,0,8
2023-03-25,5,16,stormy,0,0,4
2023-03-25,5,17,stormy,0,0,9
2023-03-25,5,18,stormy,0,0,21
2023-03-25,5,19,stormy,0,0,28
2023-03-25,5,20,stormy,0,0,26
2023-03-25,5,21,stormy,0,0,17
2023-03-26,6,11,sunny,0,0,13
2023-03-26,6,12,sunny,0,0,21
2023-03-26,6,13,sunny,0,0,47
2023-03-26,6,14,sunny,0,0,21
2023-03-26,6,15,sunny,0,0,14
2023-03-26,6,16,sunny,0,0,7
2023-03-26,6,17,sunny,0,0,15
2023-03-26,6,18,sunny,0,0,51
2023-03-26,6,19,sunny,0,0,56
2023-03-26,6,20,sunny,0,0,54
2023-03-26,6,21,sunny,0,0,29
2023-03-27,0,11,sunny,1,0,13
2023-03-27,0,12,sunny,1,0,34
2023-03-27,0,13,sunny,1,0,36
2023-03-27,0,14,sunny,1,0,31
2023-03-27,0,15,sunny,1,0,14
2023-03-27,0,16,sunny,1,0,7
2023-03-27,0,17,sunny,1,0,17
2023-03-27,0,18,sunny,1,0,54
2023-03-27,0,19,sunny,1,0,68
2023-03-27,0,20,sunny,1,0,52
2023-03-27,0,21,sunny,1,0,29
2023-03-28,1,11,sunny,0,0,8
2023-03-28,1,12,sunny,0,0,31
2023-03-28,1,13,sunny,0,0,33
2023-03-28,1,14,sunny,0,0,21
2023-03-28,1,15,sunny,0,0,12
2023-03-28,1,16,sunny,0,0,7
2023-03-28,1,17,sunny,0,0,13
2023-03-28,1,18,sunny,0,0,33
2023-03-28,1,19,sunny,0,0,45
2023-03-28,1,20,sunny,0,0,40
2023-03-28,1,21,sunny,0,0,25
2023-03-29,2,11,sunny,0,0,9
2023-03-29,2,12,sunny,0,0,27
2023-03-29,2,13,sunny,0,0,31
2023-03-29,2,14,sunny,0,0,20
2023-03-29,2,15,sunny,0,0,8
2023-03-29,2,16,sunny,0,0,7
2023-03-29,2,17,sunny,0,0,14
2023-03-29,2,18,sunny,0,0,38
2023-03-29,2,19,sunny,0,0,30
2023-03-29,2,20,sunny,0,0,50
2023-03-29,2,21,sunny,0,0,22
2023-03-30,3,11,sunny,1,0,14
2023-03-30,3,12,sunny,1,0,29
2023-03-30,3,13,sunny,1,0,46
2023-03-30,3,14,sunny,1,0,24
2023-03-30,3,15,sunny,1,0,14
2023-03-30,3,16,sunny,1,0,11
2023-03-30,3,17,sunny,1,0,18
2023-03-30,3,18,sunny,1,0,47
2023-03-30,3,19,sunny,1,0,68
2023-03-30,3,20,sunny,1,0,57
2023-03-30,3,21,sunny,1,0,31
2023-03-31,4,11,cloudy,0,0,9
2023-03-31,4,12,cloudy,0,0,24
2023-03-31,4,13,cloudy,0,0,34
2023-03-31,4,14,cloudy,0,0,22
2023-03-31,4,15,cloudy,0,0,12
2023-03-31,4,16,cloudy,0,0,7
2023-03-31,4,17,cloudy,0,0,11
2023-03-31,4,18,cloudy,0,0,39
2023-03-31,4,19,cloudy,0,0,37
2023-03-31,4,20,cloudy,0,0,39
2023-03-31,4,21,cloudy,0,0,20
2023-04-01,5,11,stormy,1,0,8
2023-04-01,5,12,stormy,1,0,23
2023-04-01,5,13,stormy,1,0,30
2023-04-01,5,14,stormy,1,0,19
2023-04-01,5,15,stormy,1,0,12
2023-04-01,5,16,stormy,1,0,6
2023-04-01,5,17,stormy,1,0,12
2023-04-01,5,18,stormy,1,0,34
2023-04-01,5,19,stormy,1,0,47
2023-04-01,5,20,stormy,1,0,31
2023-04-01,5,21,stormy,1,0,22
2023-04-02,6,11,rainy,0,0,9
2023-04-02,6,12,rainy,0,0,22
2023-04-02,6,13,rainy,0,0,29
2023-04-02,6,14,rainy,0,0,18
2023-04-02,6,15,rainy,0,0,10
2023-04-02,6,16,rainy,0,0,5
2023-04-02,6,17,rainy,0,0,10
2023-04-02,6,18,rainy,0,0,37
2023-04-02,6,19,rainy,0,0,37
2023-04-02,6,20,rainy,0,0,32
2023-04-02,6,21,rainy,0,0,15
2023-04-03,0,11,sunny,0,0,11
2023-04-03,0,12,sunny,0,0,28
2023-04-03,0,13,sunny,0,0,29
2023-04-03,0,14,sunny,0,0,26
2023-04-03,0,15,sunny,0,0,12
2023-04-03,0,16,sunny,0,0,6
2023-04-03,0,17,sunny,0,0,9
2023-04-03,0,18,sunny,0,0,43
2023-04-03,0,19,sunny,0,0,38
2023-04-03,0,20,sunny,0,0,32
2023-04-03,0,21,sunny,0,0,25
2023-04-04,1,11,cloudy,0,0,10
2023-04-04,1,12,cloudy,0,0,23
2023-04-04,1,13,cloudy,0,0,30
2023-04-04,1,14,cloudy,0,0,19
2023-04-04,1,15,cloudy,0,0,10
2023-04-04,1,16,cloudy,0,0,6
2023-04-04,1,17,cloudy,0,0,11
2023-04-04,1,18,cloudy,0,0,27
2023-04-04,1,19,cloudy,0,0,38
2023-04-04,1,20,cloudy,0,0,27
2023-04-04,1,21,cloudy,0,0,19
2023-04-05,2,11,sunny,0,0,9
2023-04-05,2,12,sunny,0,0,29
2023-04-05,2,13,sunny,0,0,35
2023-04-05,2,14,sunny,0,0,16
2023-04-05,2,15,sunny,0,0,10
2023-04-05,2,16,sunny,0,0,7
2023-04-05,2,17,sunny,0,0,12
2023-04-05,2,18,sunny,0,0,33
2023-04-05,2,19,sunny,0,0,49
2023-04-05,2,20,sunny,0,0,35
2023-04-05,2,21,sunny,0,0,23
2023-04-06,3,11,rainy,0,0,5
2023-04-06,3,12,rainy,0,0,14
2023-04-06,3,13,rainy,0,0,23
2023-04-06,3,14,rainy,0,0,14
2023-04-06,3,15,rainy,0,0,8
2023-04-06,3,16,rainy,0,0,4
2023-04-06,3,17,rainy,0,0,11
2023-04-06,3,18,rainy,0,0,24
2023-04-06,3,19,rainy,0,0,30
2023-04-06,3,20,rainy,0,0,28
2023-04-06,3,21,rainy,0,0,17
2023-04-07,4,11,rainy,0,0,6
2023-04-07,4,12,rainy,0,0,17
2023-04-07,4,13,rainy,0,0,20
2023-04-07,4,14,rainy,0,0,19
2023-04-07,4,15,rainy,0,0,7
2023-04-07,4,16,rainy,0,0,4
2023-04-07,4,17,rainy,0,0,9
2023-04-07,4,18,rainy,0,0,29
2023-04-07,4,19,rainy,0,0,33
2023-04-07,4,20,rainy,0,0,35
2023-04-07,4,21,rainy,0,0,16
2023-04-08,5,11,cloudy,0,0,11
2023-04-08,5,12,cloudy,0,0,26
2023-04-08,5,13,cloudy,0,0,40
2023-04-08,5,14,cloudy,0,0,27
2023-04-08,5,15,cloudy,0,0,14
2023-04-08,5,16,cloudy,0,0,8
2023-04-08,5,17,cloudy,0,0,16
2023-04-08,5,18,cloudy,0,0,42
2023-04-08,5,19,cloudy,0,0,55
2023-04-08,5,20,cloudy,0,0,54
2023-04-08,5,21,cloudy,0,0,35
2023-04-09,6,11,sunny,0,0,11
2023-04-09,6,12,sunny,0,0,43
2023-04-09,6,13,sunny,0,0,37
2023-04-09,6,14,sunny,0,0,32
2023-04-09,6,15,sunny,0,0,17
2023-04-09,6,16,sunny,0,0,8
2023-04-09,6,17,sunny,0,0,19
2023-04-09,6,18,sunny,0,0,53
2023-04-09,6,19,sunny,0,0,57
2023-04-09,6,20,sunny,0,0,51
2023-04-09,6,21,sunny,0,0,27
2023-04-10,0,11,sunny,0,0,8
2023-04-10,0,12,sunny,0,0,25
2023-04-10,0,13,sunny,0,0,29
2023-04-10,0,14,sunny,0,0,21
2023-04-10,0,15,sunny,0,0,9
2023-04-10,0,16,sunny,0,0,7
2023-04-10,0,17,sunny,0,0,15
2023-04-10,0,18,sunny,0,0,26
2023-04-10,0,19,sunny,0,0,48
2023-04-10,0,20,sunny,0,0,46
2023-04-10,0,21,sunny,0,0,19
2023-04-11,1,11,stormy,0,0,5
2023-04-11,1,12,stormy,0,0,12
2023-04-11,1,13,stormy,0,0,14
2023-04-11,1,14,stormy,0,0,9
2023-04-11,1,15,stormy,0,0,5
2023-04-11,1,16,stormy,0,0,3
2023-04-11,1,17,stormy,0,0,7
2023-04-11,1,18,stormy,0,0,14
2023-04-11,1,19,stormy,0,0,22
2023-04-11,1,20,stormy,0,0,15
2023-04-11,1,21,stormy,0,0,10
2023-04-12,2,11,rainy,0,0,5
2023-04-12,2,12,rainy,0,0,19
2023-04-12,2,13,rainy,0,0,24
2023-04-12,2,14,rainy,0,0,12
2023-04-12,2,15,rainy,0,0,7
2023-04-12,2,16,rainy,0,0,5
2023-04-12,2,17,rainy,0,0,9
2023-04-12,2,18,rainy,0,0,30
2023-04-12,2,19,rainy,0,0,33
2023-04-12,2,20,rainy,0,0,28
2023-04-12,2,21,rainy,0,0,15
2023-04-13,3,11,sunny,0,0,9
2023-04-13,3,12,sunny,0,0,28
2023-04-13,3,13,sunny,0,0,29
2023-04-13,3,14,sunny,0,0,17
2023-04-13,3,15,sunny,0,0,8
2023-04-13,3,16,sunny,0,0,7
2023-04-13,3,17,sunny,0,0,11
2023-04-13,3,18,sunny,0,0,25
2023-04-13,3,19,sunny,0,0,48
2023-04-13,3,20,sunny,0,0,52
2023-04-13,3,21,sunny,0,0,22
2023-04-14,4,11,stormy,0,0,5
2023-04-14,4,12,stormy,0,0,13
2023-04-14,4,13,stormy,0,0,16
2023-04-14,4,14,stormy,0,0,12
2023-04-14,4,15,stormy,0,0,5
2023-04-14,4,16,stormy,0,0,3
2023-04-14,4,17,stormy,0,0,7
2023-04-14,4,18,stormy,0,0,16
2023-04-14,4,19,stormy,0,0,27
2023-04-14,4,20,stormy,0,0,20
2023-04-14,4,21,stormy,0,0,11
2023-04-15,5,11,sunny,0,0,12
2023-04-15,5,12,sunny,0,0,35
2023-04-15,5,13,sunny,0,0,50
2023-04-15,5,14,sunny,0,0,30
2023-04-15,5,15,sunny,0,0,16
2023-04-15,5,16,sunny,0,0,10
2023-04-15,5,17,sunny,0,0,22
2023-04-15,5,18,sunny,0,0,51
2023-04-15,5,19,sunny,0,0,64
2023-04-15,5,20,sunny,0,0,47
2023-04-15,5,21,sunny,0,0,28
2023-04-16,6,11,sunny,1,0,15
2023-04-16,6,12,sunny,1,0,44
2023-04-16,6,13,sunny,1,0,60
2023-04-16,6,14,sunny,1,0,36
2023-04-16,6,15,sunny,1,0,21
2023-04-16,6,16,sunny,1,0,12
2023-04-16,6,17,sunny,1,0,18
2023-04-16,6,18,sunny,1,0,53
2023-04-16,6,19,sunny,1,0,79
2023-04-16,6,20,sunny,1,0,60
2023-04-16,6,21,sunny,1,0,43
2023-04-17,0,11,cloudy,0,0,7
2023-04-17,0,12,cloudy,0,0,25
2023-04-17,0,13,cloudy,0,0,28
2023-04-17,0,14,cloudy,0,0,17
2023-04-17,0,15,cloudy,0,0,9
2023-04-17,0,16,cloudy,0,0,5
2023-04-17,0,17,cloudy,0,0,11
2023-04-17,0,18,cloudy,0,0,30
2023-04-17,0,19,cloudy,0,0,40
2023-04-17,0,20,cloudy,0,0,35
2023-04-17,0,21,cloudy,0,0,21
2023-04-18,1,11,sunny,0,0,10
2023-04-18,1,12,sunny,0,0,17
2023-04-18,1,13,sunny,0,0,35
2023-04-18,1,14,sunny,0,0,17
2023-04-18,1,15,sunny,0,0,11
2023-04-18,1,16,sunny,0,0,5
2023-04-18,1,17,sunny,0,0,10
2023-04-18,1,18,sunny,0,0,36
2023-04-18,1,19,sunny,0,0,50
2023-04-18,1,20,sunny,0,0,37
2023-04-18,1,21,sunny,0,0,15
2023-04-19,2,11,sunny,0,0,8
2023-04-19,2,12,sunny,0,0,26
2023-04-19,2,13,sunny,0,0,26
2023-04-19,2,14,sunny,0,0,21
2023-04-19,2,15,sunny,0,0,11
2023-04-19,2,16,sunny,0,0,7
2023-04-19,2,17,sunny,0,0,13
2023-04-19,2,18,sunny,0,0,30
2023-04-19,2,19,sunny,0,0,52
2023-04-19,2,20,sunny,0,0,39
2023-04-19,2,21,sunny,0,0,22
2023-04-20,3,11,sunny,0,0,8
2023-04-20,3,12,sunny,0,0,24
2023-04-20,3,13,sunny,0,0,38
2023-04-20,3,14,sunny,0,0,17
2023-04-20,3,15,sunny,0,0,9
2023-04-20,3,16,sunny,0,0,8
2023-04-20,3,17,sunny,0,0,13
2023-04-20,3,18,sunny,0,0,31
2023-04-20,3,19,sunny,0,0,51
2023-04-20,3,20,sunny,0,0,37
2023-04-20,3,21,sunny,0,0,28
2023-04-21,4,11,sunny,0,0,12
2023-04-21,4,12,sunny,0,0,25
2023-04-21,4,13,sunny,0,0,38
2023-04-21,4,14,sunny,0,0,23
2023-04-21,4,15,sunny,0,0,14
2023-04-21,4,16,sunny,0,0,9
2023-04-21,4,17,sunny,0,0,15
2023-04-21,4,18,sunny,0,0,34
2023-04-21,4,19,sunny,0,0,53
2023-04-21,4,20,sunny,0,0,40
2023-04-21,4,21,sunny,0,0,31
2023-04-22,5,11,sunny,1,0,17
2023-04-22,5,12,sunny,1,0,45
2023-04-22,5,13,sunny,1,0,62
2023-04-22,5,14,sunny,1,0,32
2023-04-22,5,15,sunny,1,0,19
2023-04-22,5,16,sunny,1,0,14
2023-04-22,5,17,sunny,1,0,24
2023-04-22,5,18,sunny,1,0,57
2023-04-22,5,19,sunny,1,0,92
2023-04-22,5,20,sunny,1,0,86
2023-04-22,5,21,sunny,1,0,47
2023-04-23,6,11,sunny,1,0,18
2023-04-23,6,12,sunny,1,0,40
2023-04-23,6,13,sunny,1,0,46
2023-04-23,6,14,sunny,1,0,42
2023-04-23,6,15,sunny,1,0,19
2023-04-23,6,16,sunny,1,0,11
2023-04-23,6,17,sunny,1,0,28
2023-04-23,6,18,sunny,1,0,64
2023-04-23,6,19,sunny,1,0,85
2023-04-23,6,20,sunny,1,0,88
2023-04-23,6,21,sunny,1,0,37
2023-04-24,0,11,stormy,0,0,4
2023-04-24,0,12,stormy,0,0,14
2023-04-24,0,13,stormy,0,0,16
2023-04-24,0,14,stormy,0,0,10
2023-04-24,0,15,stormy,0,0,6
2023-04-24,0,16,stormy,0,0,3
2023-04-24,0,17,stormy,0,0,5
2023-04-24,0,18,stormy,0,0,14
2023-04-24,0,19,stormy,0,0,16
2023-04-24,0,20,stormy,0,0,23
2023-04-24,0,21,stormy,0,0,9
2023-04-25,1,11,stormy,0,0,4
2023-04-25,1,12,stormy,0,0,11
2023-04-25,1,13,stormy,0,0,15
2023-04-25,1,14,stormy,0,0,10
2023-04-25,1,15,stormy,0,0,6
2023-04-25,1,16,stormy,0,0,3
2023-04-25,1,17,stormy,0,0,6
2023-04-25,1,18,stormy,0,0,17
2023-04-25,1,19,stormy,0,0,21
2023-04-25,1,20,stormy,0,0,22
2023-04-25,1,21,stormy,0,0,11
2023-04-26,2,11,rainy,0,0,6
2023-04-26,2,12,rainy,0,0,17
2023-04-26,2,13,rainy,0,0,18
2023-04-26,2,14,rainy,0,0,15
2023-04-26,2,15,rainy,0,0,7
2023-04-26,2,16,rainy,0,0,4
2023-04-26,2,17,rainy,0,0,10
2023-04-26,2,18,rainy,0,0,27
2023-04-26,2,19,rainy,0,0,32
2023-04-26,2,20,rainy,0,0,29
2023-04-26,2,21,rainy,0,0,19
2023-04-27,3,11,cloudy,0,0,8
2023-04-27,3,12,cloudy,0,0,17
2023-04-27,3,13,cloudy,0,0,30
2023-04-27,3,14,cloudy,0,0,18
2023-04-27,3,15,cloudy,0,0,11
2023-04-27,3,16,cloudy,0,0,6
2023-04-27,3,17,cloudy,0,0,11
2023-04-27,3,18,cloudy,0,0,25
2023-04-27,3,19,cloudy,0,0,38
2023-04-27,3,20,cloudy,0,0,31
2023-04-27,3,21,cloudy,0,0,18
2023-04-28,4,11,cloudy,0,0,9
2023-04-28,4,12,cloudy,0,0,20
2023-04-28,4,13,cloudy,0,0,32
2023-04-28,4,14,cloudy,0,0,22
2023-04-28,4,15,cloudy,0,0,10
2023-04-28,4,16,cloudy,0,0,6
2023-04-28,4,17,cloudy,0,0,13
2023-04-28,4,18,cloudy,0,0,29
2023-04-28,4,19,cloudy,0,0,47
2023-04-28,4,20,cloudy,0,0,37
2023-04-28,4,21,cloudy,0,0,23
2023-04-29,5,11,sunny,0,0,13
2023-04-29,5,12,sunny,0,0,33
2023-04-29,5,13,sunny,0,0,54
2023-04-29,5,14,sunny,0,0,27
2023-04-29,5,15,sunny,0,0,16
2023-04-29,5,16,sunny,0,0,10
2023-04-29,5,17,sunny,0,0,16
2023-04-29,5,18,sunny,0,0,38
2023-04-29,5,19,sunny,0,0,52
2023-04-29,5,20,sunny,0,0,64
2023-04-29,5,21,sunny,0,0,30
2023-04-30,6,11,cloudy,1,0,18
2023-04-30,6,12,cloudy,1,0,45
2023-04-30,6,13,cloudy,1,0,60
2023-04-30,6,14,cloudy,1,0,39
2023-04-30,6,15,cloudy,1,0,20
2023-04-30,6,16,cloudy,1,0,11
2023-04-30,6,17,cloudy,1,0,22
2023-04-30,6,18,cloudy,1,0,57
2023-04-30,6,19,cloudy,1,0,65
2023-04-30,6,20,cloudy,1,0,55
2023-04-30,6,21,cloudy,1,0,35
2023-05-01,0,11,sunny,0,0,9
2023-05-01,0,12,sunny,0,0,28
2023-05-01,0,13,sunny,0,0,32
2023-05-01,0,14,sunny,0,0,24
2023-05-01,0,15,sunny,0,0,9
2023-05-01,0,16,sunny,0,0,6
2023-05-01,0,17,sunny,0,0,12
2023-05-01,0,18,sunny,0,0,26
2023-05-01,0,19,sunny,0,0,45
2023-05-01,0,20,sunny,0,0,39
2023-05-01,0,21,sunny,0,0,27
2023-05-02,1,11,stormy,0,0,4
2023-05-02,1,12,stormy,0,0,10
2023-05-02,1,13,stormy,0,0,18
2023-05-02,1,14,stormy,0,0,11
2023-05-02,1,15,stormy,0,0,5
2023-05-02,1,16,stormy,0,0,3
2023-05-02,1,17,stormy,0,0,5
2023-05-02,1,18,stormy,0,0,15
2023-05-02,1,19,stormy,0,0,24
2023-05-02,1,20,stormy,0,0,23
2023-05-02,1,21,stormy,0,0,13
2023-05-03,2,11,sunny,0,0,9
2023-05-03,2,12,sunny,0,0,19
2023-05-03,2,13,sunny,0,0,33
2023-05-03,2,14,sunny,0,0,20
2023-05-03,2,15,sunny,0,0,10
2023-05-03,2,16,sunny,0,0,5
2023-05-03,2,17,sunny,0,0,14
2023-05-03,2,18,sunny,0,0,32
2023-05-03,2,19,sunny,0,0,39
2023-05-03,2,20,sunny,0,0,26
2023-05-03,2,21,sunny,0,0,22
2023-05-04,3,11,cloudy,0,0,9
2023-05-04,3,12,cloudy,0,0,20
2023-05-04,3,13,cloudy,0,0,29
2023-05-04,3,14,cloudy,0,0,15
2023-05-04,3,15,cloudy,0,0,10
2023-05-04,3,16,cloudy,0,0,6
2023-05-04,3,17,cloudy,0,0,13
2023-05-04,3,18,cloudy,0,0,29
2023-05-04,3,19,cloudy,0,0,39
2023-05-04,3,20,cloudy,0,0,31
2023-05-04,3,21,cloudy,0,0,18
2023-05-05,4,11,stormy,0,0,5
2023-05-05,4,12,stormy,0,0,12
2023-05-05,4,13,stormy,0,0,19
2023-05-05,4,14,stormy,0,0,10
2023-05-05,4,15,stormy,0,0,6
2023-05-05,4,16,stormy,0,0,3
2023-05-05,4,17,stormy,0,0,5
2023-05-05,4,18,stormy,0,0,20
2023-05-05,4,19,stormy,0,0,26
2023-05-05,4,20,stormy,0,0,20
2023-05-05,4,21,stormy,0,0,12
2023-05-06,5,11,stormy,1,0,8
2023-05-06,5,12,stormy,1,0,18
2023-05-06,5,13,stormy,1,0,27
2023-05-06,5,14,stormy,1,0,20
2023-05-06,5,15,stormy,1,0,8
2023-05-06,5,16,stormy,1,0,6
2023-05-06,5,17,stormy,1,0,10
2023-05-06,5,18,stormy,1,0,32
2023-05-06,5,19,stormy,1,0,41
2023-05-06,5,20,stormy,1,0,29
2023-05-06,5,21,stormy,1,0,23
2023-05-07,6,11,sunny,0,0,10
2023-05-07,6,12,sunny,0,0,29
2023-05-07,6,13,sunny,0,0,42
2023-05-07,6,14,sunny,0,0,30
2023-05-07,6,15,sunny,0,0,13
2023-05-07,6,16,sunny,0,0,9
2023-05-07,6,17,sunny,0,0,18
2023-05-07,6,18,sunny,0,0,48
2023-05-07,6,19,sunny,0,0,61
2023-05-07,6,20,sunny,0,0,50
2023-05-07,6,21,sunny,0,0,26
2023-05-08,0,11,cloudy,0,0,8
2023-05-08,0,12,cloudy,0,0,23
2023-05-08,0,13,cloudy,0,0,31
2023-05-08,0,14,cloudy,0,0,12
2023-05-08,0,15,cloudy,0,0,8
2023-05-08,0,16,cloudy,0,0,6
2023-05-08,0,17,cloudy,0,0,14
2023-05-08,0,18,cloudy,0,0,30
2023-05-08,0,19,cloudy,0,0,36
2023-05-08,0,20,cloudy,0,0,34
2023-05-08,0,21,cloudy,0,0,23
2023-05-09,1,11,sunny,0,0,8
2023-05-09,1,12,sunny,0,0,22
2023-05-09,1,13,sunny,0,0,30
2023-05-09,1,14,sunny,0,0,18
2023-05-09,1,15,sunny,0,0,11
2023-05-09,1,16,sunny,0,0,8
2023-05-09,1,17,sunny,0,0,14
2023-05-09,1,18,sunny,0,0,33
2023-05-09,1,19,sunny,0,0,44
2023-05-09,1,20,sunny,0,0,32
2023-05-09,1,21,sunny,0,0,25
2023-05-10,2,11,cloudy,0,0,7
2023-05-10,2,12,cloudy,0,0,22
2023-05-10,2,13,cloudy,0,0,25
2023-05-10,2,14,cloudy,0,0,17
2023-05-10,2,15,cloudy,0,0,11
2023-05-10,2,16,cloudy,0,0,6
2023-05-10,2,17,cloudy,0,0,9
2023-05-10,2,18,cloudy,0,0,33
2023-05-10,2,19,cloudy,0,0,36
2023-05-10,2,20,cloudy,0,0,42
2023-05-10,2,21,cloudy,0,0,22
2023-05-11,3,11,rainy,0,0,6
2023-05-11,3,12,rainy,0,0,19
2023-05-11,3,13,rainy,0,0,23
2023-05-11,3,14,rainy,0,0,12
2023-05-11,3,15,rainy,0,0,7
2023-05-11,3,16,rainy,0,0,5
2023-05-11,3,17,rainy,0,0,9
2023-05-11,3,18,rainy,0,0,22
2023-05-11,3,19,rainy,0,0,28
2023-05-11,3,20,rainy,0,0,29
2023-05-11,3,21,rainy,0,0,19
2023-05-12,4,11,sunny,0,0,8
2023-05-12,4,12,sunny,0,0,27
2023-05-12,4,13,sunny,0,0,41
2023-05-12,4,14,sunny,0,0,22
2023-05-12,4,15,sunny,0,0,13
2023-05-12,4,16,sunny,0,0,6
2023-05-12,4,17,sunny,0,0,15
2023-05-12,4,18,sunny,0,0,37
2023-05-12,4,19,sunny,0,0,56
2023-05-12,4,20,sunny,0,0,50
2023-05-12,4,21,sunny,0,0,33
2023-05-13,5,11,rainy,0,0,9
2023-05-13,5,12,rainy,0,0,23
2023-05-13,5,13,rainy,0,0,32
2023-05-13,5,14,rainy,0,0,19
2023-05-13,5,15,rainy,0,0,11
2023-05-13,5,16,rainy,0,0,7
2023-05-13,5,17,rainy,0,0,11
2023-05-13,5,18,rainy,0,0,38
2023-05-13,5,19,rainy,0,0,51
2023-05-13,5,20,rainy,0,0,38
2023-05-13,5,21,rainy,0,0,16
2023-05-14,6,11,cloudy,0,0,9
2023-05-14,6,12,cloudy,0,0,25
2023-05-14,6,13,cloudy,0,0,34
2023-05-14,6,14,cloudy,0,0,25
2023-05-14,6,15,cloudy,0,0,13
2023-05-14,6,16,cloudy,0,0,7
2023-05-14,6,17,cloudy,0,0,14
2023-05-14,6,18,cloudy,0,0,37
2023-05-14,6,19,cloudy,0,0,46
2023-05-14,6,20,cloudy,0,0,54
2023-05-14,6,21,cloudy,0,0,24
2023-05-15,0,11,cloudy,0,0,8
2023-05-15,0,12,cloudy,0,0,20
2023-05-15,0,13,cloudy,0,0,29
2023-05-15,0,14,cloudy,0,0,17
2023-05-15,0,15,cloudy,0,0,8
2023-05-15,0,16,cloudy,0,0,6
2023-05-15,0,17,cloudy,0,0,10
2023-05-15,0,18,cloudy,0,0,34
2023-05-15,0,19,cloudy,0,0,37
2023-05-15,0,20,cloudy,0,0,35
2023-05-15,0,21,cloudy,0,0,20
2023-05-16,1,11,sunny,0,0,8
2023-05-16,1,12,sunny,0,0,27
2023-05-16,1,13,sunny,0,0,26
2023-05-16,1,14,sunny,0,0,21
2023-05-16,1,15,sunny,0,0,14
2023-05-16,1,16,sunny,0,0,6
2023-05-16,1,17,sunny,0,0,12
2023-05-16,1,18,sunny,0,0,36
2023-05-16,1,19,sunny,0,0,46
2023-05-16,1,20,sunny,0,0,41
2023-05-16,1,21,sunny,0,0,24
2023-05-17,2,11,rainy,0,0,6
2023-05-17,2,12,rainy,0,0,17
2023-05-17,2,13,rainy,0,0,24
2023-05-17,2,14,rainy,0,0,17
2023-05-17,2,15,rainy,0,0,7
2023-05-17,2,16,rainy,0,0,4
2023-05-17,2,17,rainy,0,0,10
2023-05-17,2,18,rainy,0,0,23
2023-05-17,2,19,rainy,0,0,23
2023-05-17,2,20,rainy,0,0,30
2023-05-17,2,21,rainy,0,0,14
2023-05-18,3,11,rainy,0,0,6
2023-05-18,3,12,rainy,0,0,19
2023-05-18,3,13,rainy,0,0,21
2023-05-18,3,14,rainy,0,0,15
2023-05-18,3,15,rainy,0,0,7
2023-05-18,3,16,rainy,0,0,5
2023-05-18,3,17,rainy,0,0,10
2023-05-18,3,18,rainy,0,0,21
2023-05-18,3,19,rainy,0,0,36
2023-05-18,3,20,rainy,0,0,26
2023-05-18,3,21,rainy,0,0,17
2023-05-19,4,11,rainy,0,0,7
2023-05-19,4,12,rainy,0,0,23
2023-05-19,4,13,rainy,0,0,23
2023-05-19,4,14,rainy,0,0,15
2023-05-19,4,15,rainy,0,0,8
2023-05-19,4,16,rainy,0,0,5
2023-05-19,4,17,rainy,0,0,11
2023-05-19,4,18,rainy,0,0,21
2023-05-19,4,19,rainy,0,0,30
2023-05-19,4,20,rainy,0,0,26
2023-05-19,4,21,rainy,0,0,19
2023-05-20,5,11,rainy,0,0,10
2023-05-20,5,12,rainy,0,0,24
2023-05-20,5,13,rainy,0,0,30
2023-05-20,5,14,rainy,0,0,20
2023-05-20,5,15,rainy,0,0,12
2023-05-20,5,16,rainy,0,0,5
2023-05-20,5,17,rainy,0,0,13
2023-05-20,5,18,rainy,0,0,37
2023-05-20,5,19,rainy,0,0,47
2023-05-20,5,20,rainy,0,0,40
2023-05-20,5,21,rainy,0,0,25
2023-05-21,6,11,cloudy,0,0,9
2023-05-21,6,12,cloudy,0,0,22
2023-05-21,6,13,cloudy,0,0,38
2023-05-21,6,14,cloudy,0,0,27
2023-05-21,6,15,cloudy,0,0,12
2023-05-21,6,16,cloudy,0,0,8
2023-05-21,6,17,cloudy,0,0,18
2023-05-21,6,18,cloudy,0,0,45
2023-05-21,6,19,cloudy,0,0,62
2023-05-21,6,20,cloudy,0,0,49
2023-05-21,6,21,cloudy,0,0,26
2023-05-22,0,11,sunny,0,0,7
2023-05-22,0,12,sunny,0,0,31
2023-05-22,0,13,sunny,0,0,31
2023-05-22,0,14,sunny,0,0,21
2023-05-22,0,15,sunny,0,0,12
2023-05-22,0,16,sunny,0,0,6
2023-05-22,0,17,sunny,0,0,16
2023-05-22,0,18,sunny,0,0,31
2023-05-22,0,19,sunny,0,0,47
2023-05-22,0,20,sunny,0,0,36
2023-05-22,0,21,sunny,0,0,19
2023-05-23,1,11,cloudy,1,0,10
2023-05-23,1,12,cloudy,1,0,27
2023-05-23,1,13,cloudy,1,0,31
2023-05-23,1,14,cloudy,1,0,24
2023-05-23,1,15,cloudy,1,0,11
2023-05-23,1,16,cloudy,1,0,8
2023-05-23,1,17,cloudy,1,0,16
2023-05-23,1,18,cloudy,1,0,33
2023-05-23,1,19,cloudy,1,0,51
2023-05-23,1,20,cloudy,1,0,42
2023-05-23,1,21,cloudy,1,0,28
2023-05-24,2,11,cloudy,0,0,9
2023-05-24,2,12,cloudy,0,0,21
2023-05-24,2,13,cloudy,0,0,30
2023-05-24,2,14,cloudy,0,0,18
2023-05-24,2,15,cloudy,0,0,9
2023-05-24,2,16,cloudy,0,0,5
2023-05-24,2,17,cloudy,0,0,10
2023-05-24,2,18,cloudy,0,0,33
2023-05-24,2,19,cloudy,0,0,40
2023-05-24,2,20,cloudy,0,0,42
2023-05-24,2,21,cloudy,0,0,19
2023-05-25,3,11,stormy,0,0,4
2023-05-25,3,12,stormy,0,0,9
2023-05-25,3,13,stormy,0,0,12
2023-05-25,3,14,stormy,0,0,8
2023-05-25,3,15,stormy,0,0,5
2023-05-25,3,16,stormy,0,0,3
2023-05-25,3,17,stormy,0,0,5
2023-05-25,3,18,stormy,0,0,18
2023-05-25,3,19,stormy,0,0,20
2023-05-25,3,20,stormy,0,0,19
2023-05-25,3,21,stormy,0,0,13
2023-05-26,4,11,sunny,0,0,11
2023-05-26,4,12,sunny,0,0,20
2023-05-26,4,13,sunny,0,0,32
2023-05-26,4,14,sunny,0,0,22
2023-05-26,4,15,sunny,0,0,11
2023-05-26,4,16,sunny,0,0,7
2023-05-26,4,17,sunny,0,0,15
2023-05-26,4,18,sunny,0,0,36
2023-05-26,4,19,sunny,0,0,46
2023-05-26,4,20,sunny,0,0,45
2023-05-26,4,21,sunny,0,0,26
2023-05-27,5,11,cloudy,0,0,11
2023-05-27,5,12,cloudy,0,0,30
2023-05-27,5,13,cloudy,0,0,42
2023-05-27,5,14,cloudy,0,0,25
2023-05-27,5,15,cloudy,0,0,15
2023-05-27,5,16,cloudy,0,0,8
2023-05-27,5,17,cloudy,0,0,15
2023-05-27,5,18,cloudy,0,0,43
2023-05-27,5,19,cloudy,0,0,48
2023-05-27,5,20,cloudy,0,0,49
2023-05-27,5,21,cloudy,0,0,27
2023-05-28,6,11,sunny,0,0,11
2023-05-28,6,12,sunny,0,0,30
2023-05-28,6,13,sunny,0,0,42
2023-05-28,6,14,sunny,0,0,27
2023-05-28,6,15,sunny,0,0,13
2023-05-28,6,16,sunny,0,0,10
2023-05-28,6,17,sunny,0,0,16
2023-05-28,6,18,sunny,0,0,50
2023-05-28,6,19,sunny,0,0,62
2023-05-28,6,20,sunny,0,0,48
2023-05-28,6,21,sunny,0,0,36
2023-05-29,0,11,cloudy,0,0,8
2023-05-29,0,12,cloudy,0,0,20
2023-05-29,0,13,cloudy,0,0,32
2023-05-29,0,14,cloudy,0,0,17
2023-05-29,0,15,cloudy,0,0,10
2023-05-29,0,16,cloudy,0,0,6
2023-05-29,0,17,cloudy,0,0,11
2023-05-29,0,18,cloudy,0,0,32
2023-05-29,0,19,cloudy,0,0,43
2023-05-29,0,20,cloudy,0,0,27
2023-05-29,0,21,cloudy,0,0,23
2023-05-30,1,11,rainy,0,0,5
2023-05-30,1,12,rainy,0,0,15
2023-05-30,1,13,rainy,0,0,21
2023-05-30,1,14,rainy,0,0,12
2023-05-30,1,15,rainy,0,0,7
2023-05-30,1,16,rainy,0,0,4
2023-05-30,1,17,rainy,0,0,10
2023-05-30,1,18,rainy,0,0,27
2023-05-30,1,19,rainy,0,0,37
2023-05-30,1,20,rainy,0,0,26
2023-05-30,1,21,rainy,0,0,15
2023-05-31,2,11,cloudy,0,0,8
2023-05-31,2,12,cloudy,0,0,26
2023-05-31,2,13,cloudy,0,0,23
2023-05-31,2,14,cloudy,0,0,16
2023-05-31,2,15,cloudy,0,0,9
2023-05-31,2,16,cloudy,0,0,6
2023-05-31,2,17,cloudy,0,0,10
2023-05-31,2,18,cloudy,0,0,31
2023-05-31,2,19,cloudy,0,0,37
2023-05-31,2,20,cloudy,0,0,34
2023-05-31,2,21,cloudy,0,0,21
2023-06-01,3,11,sunny,1,0,12
2023-06-01,3,12,sunny,1,0,33
2023-06-01,3,13,sunny,1,0,41
2023-06-01,3,14,sunny,1,0,27
2023-06-01,3,15,sunny,1,0,18
2023-06-01,3,16,sunny,1,0,9
2023-06-01,3,17,sunny,1,0,17
2023-06-01,3,18,sunny,1,0,50
2023-06-01,3,19,sunny,1,0,59
2023-06-01,3,20,sunny,1,0,61
2023-06-01,3,21,sunny,1,0,32
2023-06-02,4,11,stormy,0,0,4
2023-06-02,4,12,stormy,0,0,14
2023-06-02,4,13,stormy,0,0,13
2023-06-02,4,14,stormy,0,0,9
2023-06-02,4,15,stormy,0,0,5
2023-06-02,4,16,stormy,0,0,3
2023-06-02,4,17,stormy,0,0,8
2023-06-02,4,18,stormy,0,0,23
2023-06-02,4,19,stormy,0,0,26
2023-06-02,4,20,stormy,0,0,22
2023-06-02,4,21,stormy,0,0,9
2023-06-03,5,11,sunny,0,0,12
2023-06-03,5,12,sunny,0,0,34
2023-06-03,5,13,sunny,0,0,42
2023-06-03,5,14,sunny,0,0,22
2023-06-03,5,15,sunny,0,0,17
2023-06-03,5,16,sunny,0,0,8
2023-06-03,5,17,sunny,0,0,19
2023-06-03,5,18,sunny,0,0,60
2023-06-03,5,19,sunny,0,0,57
2023-06-03,5,20,sunny,0,0,39
2023-06-03,5,21,sunny,0,0,31
2023-06-04,6,11,stormy,0,0,6
2023-06-04,6,12,stormy,0,0,19
2023-06-04,6,13,stormy,0,0,17
2023-06-04,6,14,stormy,0,0,13
2023-06-04,6,15,stormy,0,0,6
2023-06-04,6,16,stormy,0,0,4
2023-06-04,6,17,stormy,0,0,11
2023-06-04,6,18,stormy,0,0,17
2023-06-04,6,19,stormy,0,0,29
2023-06-04,6,20,stormy,0,0,26
2023-06-04,6,21,stormy,0,0,16
2023-06-05,0,11,sunny,0,0,9
2023-06-05,0,12,sunny,0,0,26
2023-06-05,0,13,sunny,0,0,30
2023-06-05,0,14,sunny,0,0,22
2023-06-05,0,15,sunny,0,0,10
2023-06-05,0,16,sunny,0,0,7
2023-06-05,0,17,sunny,0,0,13
2023-06-05,0,18,sunny,0,0,39
2023-06-05,0,19,sunny,0,0,45
2023-06-05,0,20,sunny,0,0,31
2023-06-05,0,21,sunny,0,0,26
2023-06-06,1,11,sunny,0,0,8
2023-06-06,1,12,sunny,0,0,29
2023-06-06,1,13,sunny,0,0,23
2023-06-06,1,14,sunny,0,0,28
2023-06-06,1,15,sunny,0,0,12
2023-06-06,1,16,sunny,0,0,7
2023-06-06,1,17,sunny,0,0,13
2023-06-06,1,18,sunny,0,0,35
2023-06-06,1,19,sunny,0,0,48
2023-06-06,1,20,sunny,0,0,43
2023-06-06,1,21,sunny,0,0,24
2023-06-07,2,11,sunny,0,0,9
2023-06-07,2,12,sunny,0,0,24
2023-06-07,2,13,sunny,0,0,36
2023-06-07,2,14,sunny,0,0,22
2023-06-07,2,15,sunny,0,0,7
2023-06-07,2,16,sunny,0,0,7
2023-06-07,2,17,sunny,0,0,14
2023-06-07,2,18,sunny,0,0,34
2023-06-07,2,19,sunny,0,0,43
2023-06-07,2,20,sunny,0,0,45
2023-06-07,2,21,sunny,0,0,25
2023-06-08,3,11,cloudy,0,0,7
2023-06-08,3,12,cloudy,0,0,18
2023-06-08,3,13,cloudy,0,0,25
2023-06-08,3,14,cloudy,0,0,19
2023-06-08,3,15,cloudy,0,0,11
2023-06-08,3,16,cloudy,0,0,6
2023-06-08,3,17,cloudy,0,0,13
2023-06-08,3,18,cloudy,0,0,31
2023-06-08,3,19,cloudy,0,0,36
2023-06-08,3,20,cloudy,0,0,36
2023-06-08,3,21,cloudy,0,0,21
2023-06-09,4,11,cloudy,0,0,9
2023-06-09,4,12,cloudy,0,0,25
2023-06-09,4,13,cloudy,0,0,34
2023-06-09,4,14,cloudy,0,0,19
2023-06-09,4,15,cloudy,0,0,9
2023-06-09,4,16,cloudy,0,0,6
2023-06-09,4,17,cloudy,0,0,12
2023-06-09,4,18,cloudy,0,0,30
2023-06-09,4,19,cloudy,0,0,43
2023-06-09,4,20,cloudy,0,0,34
2023-06-09,4,21,cloudy,0,0,21
2023-06-10,5,11,rainy,0,0,6
2023-06-10,5,12,rainy,0,0,25
2023-06-10,5,13,rainy,0,0,31
2023-06-10,5,14,rainy,0,0,18
2023-06-10,5,15,rainy,0,0,12
2023-06-10,5,16,rainy,0,0,7
2023-06-10,5,17,rainy,0,0,10
2023-06-10,5,18,rainy,0,0,30
2023-06-10,5,19,rainy,0,0,40
2023-06-10,5,20,rainy,0,0,34
2023-06-10,5,21,rainy,0,0,24
2023-06-11,6,11,sunny,0,0,11
2023-06-11,6,12,sunny,0,0,35
2023-06-11,6,13,sunny,0,0,35
2023-06-11,6,14,sunny,0,0,27
2023-06-11,6,15,sunny,0,0,15
2023-06-11,6,16,sunny,0,0,10
2023-06-11,6,17,sunny,0,0,15
2023-06-11,6,18,sunny,0,0,28
2023-06-11,6,19,sunny,0,0,61
2023-06-11,6,20,sunny,0,0,63
2023-06-11,6,21,sunny,0,0,34
2023-06-12,0,11,sunny,0,0,10
2023-06-12,0,12,sunny,0,0,22
2023-06-12,0,13,sunny,0,0,34
2023-06-12,0,14,sunny,0,0,21
2023-06-12,0,15,sunny,0,0,12
2023-06-12,0,16,sunny,0,0,9
2023-06-12,0,17,sunny,0,0,14
2023-06-12,0,18,sunny,0,0,32
2023-06-12,0,19,sunny,0,0,45
2023-06-12,0,20,sunny,0,0,31
2023-06-12,0,21,sunny,0,0,21
2023-06-13,1,11,cloudy,1,0,10
2023-06-13,1,12,cloudy,1,0,26
2023-06-13,1,13,cloudy,1,0,42
2023-06-13,1,14,cloudy,1,0,24
2023-06-13,1,15,cloudy,1,0,13
2023-06-13,1,16,cloudy,1,0,7
2023-06-13,1,17,cloudy,1,0,16
2023-06-13,1,18,cloudy,1,0,44
2023-06-13,1,19,cloudy,1,0,48
2023-06-13,1,20,cloudy,1,0,43
2023-06-13,1,21,cloudy,1,0,26
2023-06-14,2,11,sunny,0,0,8
2023-06-14,2,12,sunny,0,0,27
2023-06-14,2,13,sunny,0,0,33
2023-06-14,2,14,sunny,0,0,21
2023-06-14,2,15,sunny,0,0,12
2023-06-14,2,16,sunny,0,0,6
2023-06-14,2,17,sunny,0,0,14
2023-06-14,2,18,sunny,0,0,34
2023-06-14,2,19,sunny,0,0,47
2023-06-14,2,20,sunny,0,0,37
2023-06-14,2,21,sunny,0,0,16
2023-06-15,3,11,cloudy,0,0,7
2023-06-15,3,12,cloudy,0,0,24
2023-06-15,3,13,cloudy,0,0,32
2023-06-15,3,14,cloudy,0,0,18
2023-06-15,3,15,cloudy,0,0,10
2023-06-15,3,16,cloudy,0,0,5
2023-06-15,3,17,cloudy,0,0,11
2023-06-15,3,18,cloudy,0,0,32
2023-06-15,3,19,cloudy,0,0,45
2023-06-15,3,20,cloudy,0,0,34
2023-06-15,3,21,cloudy,0,0,18
2023-06-16,4,11,stormy,0,0,4
2023-06-16,4,12,stormy,0,0,9
2023-06-16,4,13,stormy,0,0,15
2023-06-16,4,14,stormy,0,0,9
2023-06-16,4,15,stormy,0,0,5
2023-06-16,4,16,stormy,0,0,3
2023-06-16,4,17,stormy,0,0,6
2023-06-16,4,18,stormy,0,0,21
2023-06-16,4,19,stormy,0,0,25
2023-06-16,4,20,stormy,0,0,21
2023-06-16,4,21,stormy,0,0,13
2023-06-17,5,11,cloudy,0,0,9
2023-06-17,5,12,cloudy,0,0,33
2023-06-17,5,13,cloudy,0,0,34
2023-06-17,5,14,cloudy,0,0,20
2023-06-17,5,15,cloudy,0,0,15
2023-06-17,5,16,cloudy,0,0,8
2023-06-17,5,17,cloudy,0,0,14
2023-06-17,5,18,cloudy,0,0,37
2023-06-17,5,19,cloudy,0,0,63
2023-06-17,5,20,cloudy,0,0,42
2023-06-17,5,21,cloudy,0,0,33
2023-06-18,6,11,rainy,0,0,7
2023-06-18,6,12,rainy,0,0,24
2023-06-18,6,13,rainy,0,0,27
2023-06-18,6,14,rainy,0,0,18
2023-06-18,6,15,rainy,0,0,10
2023-06-18,6,16,rainy,0,0,5
2023-06-18,6,17,rainy,0,0,13
2023-06-18,6,18,rainy,0,0,29
2023-06-18,6,19,rainy,0,0,40
2023-06-18,6,20,rainy,0,0,32
2023-06-18,6,21,rainy,0,0,14
2023-06-19,0,11,cloudy,0,0,7
2023-06-19,0,12,cloudy,0,0,21
2023-06-19,0,13,cloudy,0,0,27
2023-06-19,0,14,cloudy,0,0,18
2023-06-19,0,15,cloudy,0,0,10
2023-06-19,0,16,cloudy,0,0,5
2023-06-19,0,17,cloudy,0,0,13
2023-06-19,0,18,cloudy,0,0,32
2023-06-19,0,19,cloudy,0,0,43
2023-06-19,0,20,cloudy,0,0,36
2023-06-19,0,21,cloudy,0,0,20
2023-06-20,1,11,sunny,1,0,13
2023-06-20,1,12,sunny,1,0,36
2023-06-20,1,13,sunny,1,0,41
2023-06-20,1,14,sunny,1,0,26
2023-06-20,1,15,sunny,1,0,15
2023-06-20,1,16,sunny,1,0,11
2023-06-20,1,17,sunny,1,0,15
2023-06-20,1,18,sunny,1,0,38
2023-06-20,1,19,sunny,1,0,63
2023-06-20,1,20,sunny,1,0,54
2023-06-20,1,21,sunny,1,0,31
2023-06-21,2,11,rainy,0,0,6
2023-06-21,2,12,rainy,0,0,14
2023-06-21,2,13,rainy,0,0,20
2023-06-21,2,14,rainy,0,0,14
2023-06-21,2,15,rainy,0,0,6
2023-06-21,2,16,rainy,0,0,4
2023-06-21,2,17,rainy,0,0,11
2023-06-21,2,18,rainy,0,0,24
2023-06-21,2,19,rainy,0,0,32
2023-06-21,2,20,rainy,0,0,23
2023-06-21,2,21,rainy,0,0,14
2023-06-22,3,11,sunny,0,0,10
2023-06-22,3,12,sunny,0,0,26
2023-06-22,3,13,sunny,0,0,27
2023-06-22,3,14,sunny,0,0,21
2023-06-22,3,15,sunny,0,0,12
2023-06-22,3,16,sunny,0,0,7
2023-06-22,3,17,sunny,0,0,16
2023-06-22,3,18,sunny,0,0,30
2023-06-22,3,19,sunny,0,0,41
2023-06-22,3,20,sunny,0,0,34
2023-06-22,3,21,sunny,0,0,22
2023-06-23,4,11,cloudy,0,0,9
2023-06-23,4,12,cloudy,0,0,23
2023-06-23,4,13,cloudy,0,0,31
2023-06-23,4,14,cloudy,0,0,17
2023-06-23,4,15,cloudy,0,0,13
2023-06-23,4,16,cloudy,0,0,5
2023-06-23,4,17,cloudy,0,0,13
2023-06-23,4,18,cloudy,0,0,41
2023-06-23,4,19,cloudy,0,0,44
2023-06-23,4,20,cloudy,0,0,37
2023-06-23,4,21,cloudy,0,0,21
2023-06-24,5,11,rainy,0,0,6
2023-06-24,5,12,rainy,0,0,29
2023-06-24,5,13,rainy,0,0,26
2023-06-24,5,14,rainy,0,0,19
2023-06-24,5,15,rainy,0,0,10
2023-06-24,5,16,rainy,0,0,7
2023-06-24,5,17,rainy,0,0,10
2023-06-24,5,18,rainy,0,0,35
2023-06-24,5,19,rainy,0,0,55
2023-06-24,5,20,rainy,0,0,32
2023-06-24,5,21,rainy,0,0,22
2023-06-25,6,11,stormy,0,0,5
2023-06-25,6,12,stormy,0,0,16
2023-06-25,6,13,stormy,0,0,20
2023-06-25,6,14,stormy,0,0,11
2023-06-25,6,15,stormy,0,0,7
2023-06-25,6,16,stormy,0,0,5
2023-06-25,6,17,stormy,0,0,8
2023-06-25,6,18,stormy,0,0,23
2023-06-25,6,19,stormy,0,0,24
2023-06-25,6,20,stormy,0,0,22
2023-06-25,6,21,stormy,0,0,15
2023-06-26,0,11,cloudy,0,0,7
2023-06-26,0,12,cloudy,0,0,21
2023-06-26,0,13,cloudy,0,0,23
2023-06-26,0,14,cloudy,0,0,19
2023-06-26,0,15,cloudy,0,0,11
2023-06-26,0,16,cloudy,0,0,5
2023-06-26,0,17,cloudy,0,0,11
2023-06-26,0,18,cloudy,0,0,30
2023-06-26,0,19,cloudy,0,0,37
2023-06-26,0,20,cloudy,0,0,34
2023-06-26,0,21,cloudy,0,0,25
2023-06-27,1,11,sunny,0,0,8
2023-06-27,1,12,sunny,0,0,27
2023-06-27,1,13,sunny,0,0,31
2023-06-27,1,14,sunny,0,0,19
2023-06-27,1,15,sunny,0,0,13
2023-06-27,1,16,sunny,0,0,8
2023-06-27,1,17,sunny,0,0,12
2023-06-27,1,18,sunny,0,0,26
2023-06-27,1,19,sunny,0,0,51
2023-06-27,1,20,sunny,0,0,36
2023-06-27,1,21,sunny,0,0,25
2023-06-28,2,11,cloudy,0,0,6
2023-06-28,2,12,cloudy,0,0,23
2023-06-28,2,13,cloudy,0,0,28
2023-06-28,2,14,cloudy,0,0,15
2023-06-28,2,15,cloudy,0,0,9
2023-06-28,2,16,cloudy,0,0,6
2023-06-28,2,17,cloudy,0,0,12
2023-06-28,2,18,cloudy,0,0,32
2023-06-28,2,19,cloudy,0,0,49
2023-06-28,2,20,cloudy,0,0,28
2023-06-28,2,21,cloudy,0,0,23
2023-06-29,3,11,sunny,0,0,9
2023-06-29,3,12,sunny,0,0,24
2023-06-29,3,13,sunny,0,0,35
2023-06-29,3,14,sunny,0,0,20
2023-06-29,3,15,sunny,0,0,13
2023-06-29,3,16,sunny,0,0,5
2023-06-29,3,17,sunny,0,0,13
2023-06-29,3,18,sunny,0,0,29
2023-06-29,3,19,sunny,0,0,48
2023-06-29,3,20,sunny,0,0,44
2023-06-29,3,21,sunny,0,0,21
2023-06-30,4,11,sunny,1,0,9
2023-06-30,4,12,sunny,1,0,38
2023-06-30,4,13,sunny,1,0,50
2023-06-30,4,14,sunny,1,0,32
2023-06-30,4,15,sunny,1,0,19
2023-06-30,4,16,sunny,1,0,8
2023-06-30,4,17,sunny,1,0,22
2023-06-30,4,18,sunny,1,0,58
2023-06-30,4,19,sunny,1,0,53
2023-06-30,4,20,sunny,1,0,62
2023-06-30,4,21,sunny,1,0,32
2023-07-01,5,11,sunny,0,0,12
2023-07-01,5,12,sunny,0,0,32
2023-07-01,5,13,sunny,0,0,45
2023-07-01,5,14,sunny,0,0,25
2023-07-01,5,15,sunny,0,0,14
2023-07-01,5,16,sunny,0,0,10
2023-07-01,5,17,sunny,0,0,16
2023-07-01,5,18,sunny,0,0,52
2023-07-01,5,19,sunny,0,0,67
2023-07-01,5,20,sunny,0,0,44
2023-07-01,5,21,sunny,0,0,29
2023-07-02,6,11,sunny,0,0,11
2023-07-02,6,12,sunny,0,0,34
2023-07-02,6,13,sunny,0,0,45
2023-07-02,6,14,sunny,0,0,26
2023-07-02,6,15,sunny,0,0,13
2023-07-02,6,16,sunny,0,0,10
2023-07-02,6,17,sunny,0,0,21
2023-07-02,6,18,sunny,0,0,50
2023-07-02,6,19,sunny,0,0,60
2023-07-02,6,20,sunny,0,0,47
2023-07-02,6,21,sunny,0,0,26
2023-07-03,0,11,rainy,0,0,6
2023-07-03,0,12,rainy,0,0,18
2023-07-03,0,13,rainy,0,0,18
2023-07-03,0,14,rainy,0,0,16
2023-07-03,0,15,rainy,0,0,7
2023-07-03,0,16,rainy,0,0,4
2023-07-03,0,17,rainy,0,0,9
2023-07-03,0,18,rainy,0,0,29
2023-07-03,0,19,rainy,0,0,43
2023-07-03,0,20,rainy,0,0,30
2023-07-03,0,21,rainy,0,0,15
2023-07-04,1,11,rainy,0,1,9
2023-07-04,1,12,rainy,0,1,32
2023-07-04,1,13,rainy,0,1,34
2023-07-04,1,14,rainy,0,1,22
2023-07-04,1,15,rainy,0,1,12
2023-07-04,1,16,rainy,0,1,7
2023-07-04,1,17,rainy,0,1,15
2023-07-04,1,18,rainy,0,1,33
2023-07-04,1,19,rainy,0,1,44
2023-07-04,1,20,rainy,0,1,36
2023-07-04,1,21,rainy,0,1,25
2023-07-05,2,11,rainy,0,0,6
2023-07-05,2,12,rainy,0,0,17
2023-07-05,2,13,rainy,0,0,24
2023-07-05,2,14,rainy,0,0,12
2023-07-05,2,15,rainy,0,0,7
2023-07-05,2,16,rainy,0,0,5
2023-07-05,2,17,rainy,0,0,10
2023-07-05,2,18,rainy,0,0,23
2023-07-05,2,19,rainy,0,0,31
2023-07-05,2,20,rainy,0,0,22
2023-07-05,2,21,rainy,0,0,15
2023-07-06,3,11,rainy,0,0,6
2023-07-06,3,12,rainy,0,0,17
2023-07-06,3,13,rainy,0,0,22
2023-07-06,3,14,rainy,0,0,13
2023-07-06,3,15,rainy,0,0,8
2023-07-06,3,16,rainy,0,0,5
2023-07-06,3,17,rainy,0,0,10
2023-07-06,3,18,rainy,0,0,22
2023-07-06,3,19,rainy,0,0,23
2023-07-06,3,20,rainy,0,0,31
2023-07-06,3,21,rainy,0,0,15
2023-07-07,4,11,sunny,0,0,9
2023-07-07,4,12,sunny,0,0,31
2023-07-07,4,13,sunny,0,0,38
2023-07-07,4,14,sunny,0,0,24
2023-07-07,4,15,sunny,0,0,10
2023-07-07,4,16,sunny,0,0,8
2023-07-07,4,17,sunny,0,0,15
2023-07-07,4,18,sunny,0,0,36
2023-07-07,4,19,sunny,0,0,51
2023-07-07,4,20,sunny,0,0,34
2023-07-07,4,21,sunny,0,0,26
2023-07-08,5,11,sunny,0,0,10
2023-07-08,5,12,sunny,0,0,40
2023-07-08,5,13,sunny,0,0,41
2023-07-08,5,14,sunny,0,0,34
2023-07-08,5,15,sunny,0,0,15
2023-07-08,5,16,sunny,0,0,7
2023-07-08,5,17,sunny,0,0,16
2023-07-08,5,18,sunny,0,0,55
2023-07-08,5,19,sunny,0,0,63
2023-07-08,5,20,sunny,0,0,52
2023-07-08,5,21,sunny,0,0,32
2023-07-09,6,11,cloudy,0,0,11
2023-07-09,6,12,cloudy,0,0,27
2023-07-09,6,13,cloudy,0,0,30
2023-07-09,6,14,cloudy,0,0,22
2023-07-09,6,15,cloudy,0,0,13
2023-07-09,6,16,cloudy,0,0,6
2023-07-09,6,17,cloudy,0,0,13
2023-07-09,6,18,cloudy,0,0,40
2023-07-09,6,19,cloudy,0,0,51
2023-07-09,6,20,cloudy,0,0,45
2023-07-09,6,21,cloudy,0,0,23
2023-07-10,0,11,sunny,0,0,8
2023-07-10,0,12,sunny,0,0,22
2023-07-10,0,13,sunny,0,0,35
2023-07-10,0,14,sunny,0,0,23
2023-07-10,0,15,sunny,0,0,8
2023-07-10,0,16,sunny,0,0,6
2023-07-10,0,17,sunny,0,0,11
2023-07-10,0,18,sunny,0,0,31
2023-07-10,0,19,sunny,0,0,45
2023-07-10,0,20,sunny,0,0,33
2023-07-10,0,21,sunny,0,0,20
2023-07-11,1,11,cloudy,0,0,7
2023-07-11,1,12,cloudy,0,0,20
2023-07-11,1,13,cloudy,0,0,28
2023-07-11,1,14,cloudy,0,0,16
2023-07-11,1,15,cloudy,0,0,9
2023-07-11,1,16,cloudy,0,0,7
2023-07-11,1,17,cloudy,0,0,13
2023-07-11,1,18,cloudy,0,0,25
2023-07-11,1,19,cloudy,0,0,43
2023-07-11,1,20,cloudy,0,0,38
2023-07-11,1,21,cloudy,0,0,17
2023-07-12,2,11,rainy,0,0,5
2023-07-12,2,12,rainy,0,0,15
2023-07-12,2,13,rainy,0,0,25
2023-07-12,2,14,rainy,0,0,14
2023-07-12,2,15,rainy,0,0,8
2023-07-12,2,16,rainy,0,0,4
2023-07-12,2,17,rainy,0,0,10
2023-07-12,2,18,rainy,0,0,20
2023-07-12,2,19,rainy,0,0,36
2023-07-12,2,20,rainy,0,0,31
2023-07-12,2,21,rainy,0,0,15
2023-07-13,3,11,cloudy,0,0,7
2023-07-13,3,12,cloudy,0,0,23
2023-07-13,3,13,cloudy,0,0,27
2023-07-13,3,14,cloudy,0,0,20
2023-07-13,3,15,cloudy,0,0,9
2023-07-13,3,16,cloudy,0,0,6
2023-07-13,3,17,cloudy,0,0,10
2023-07-13,3,18,cloudy,0,0,29
2023-07-13,3,19,cloudy,0,0,39
2023-07-13,3,20,cloudy,0,0,35
2023-07-13,3,21,cloudy,0,0,19
2023-07-14,4,11,stormy,0,0,4
2023-07-14,4,12,stormy,0,0,10
2023-07-14,4,13,stormy,0,0,20
2023-07-14,4,14,stormy,0,0,12
2023-07-14,4,15,stormy,0,0,5
2023-07-14,4,16,stormy,0,0,3
2023-07-14,4,17,stormy,0,0,6
2023-07-14,4,18,stormy,0,0,18
2023-07-14,4,19,stormy,0,0,25
2023-07-14,4,20,stormy,0,0,20
2023-07-14,4,21,stormy,0,0,10
2023-07-15,5,11,sunny,0,0,11
2023-07-15,5,12,sunny,0,0,35
2023-07-15,5,13,sunny,0,0,41
2023-07-15,5,14,sunny,0,0,31
2023-07-15,5,15,sunny,0,0,18
2023-07-15,5,16,sunny,0,0,8
2023-07-15,5,17,sunny,0,0,19
2023-07-15,5,18,sunny,0,0,51
2023-07-15,5,19,sunny,0,0,68
2023-07-15,5,20,sunny,0,0,56
2023-07-15,5,21,sunny,0,0,35
2023-07-16,6,11,sunny,0,0,13
2023-07-16,6,12,sunny,0,0,36
2023-07-16,6,13,sunny,0,0,38
2023-07-16,6,14,sunny,0,0,27
2023-07-16,6,15,sunny,0,0,16
2023-07-16,6,16,sunny,0,0,8
2023-07-16,6,17,sunny,0,0,20
2023-07-16,6,18,sunny,0,0,57
2023-07-16,6,19,sunny,0,0,54
2023-07-16,6,20,sunny,0,0,43
2023-07-16,6,21,sunny,0,0,30
2023-07-17,0,11,rainy,0,0,6
2023-07-17,0,12,rainy,0,0,14
2023-07-17,0,13,rainy,0,0,24
2023-07-17,0,14,rainy,0,0,13
2023-07-17,0,15,rainy,0,0,9
2023-07-17,0,16,rainy,0,0,5
2023-07-17,0,17,rainy,0,0,8
2023-07-17,0,18,rainy,0,0,22
2023-07-17,0,19,rainy,0,0,35
2023-07-17,0,20,rainy,0,0,26
2023-07-17,0,21,rainy,0,0,15
2023-07-18,1,11,sunny,0,0,9
2023-07-18,1,12,sunny,0,0,23
2023-07-18,1,13,sunny,0,0,30
2023-07-18,1,14,sunny,0,0,24
2023-07-18,1,15,sunny,0,0,9
2023-07-18,1,16,sunny,0,0,7
2023-07-18,1,17,sunny,0,0,13
2023-07-18,1,18,sunny,0,0,33
2023-07-18,1,19,sunny,0,0,50
2023-07-18,1,20,sunny,0,0,41
2023-07-18,1,21,sunny,0,0,24
2023-07-19,2,11,sunny,0,0,10
2023-07-19,2,12,sunny,0,0,22
2023-07-19,2,13,sunny,0,0,29
2023-07-19,2,14,sunny,0,0,28
2023-07-19,2,15,sunny,0,0,13
2023-07-19,2,16,sunny,0,0,5
2023-07-19,2,17,sunny,0,0,11
2023-07-19,2,18,sunny,0,0,36
2023-07-19,2,19,sunny,0,0,49
2023-07-19,2,20,sunny,0,0,42
2023-07-19,2,21,sunny,0,0,22
2023-07-20,3,11,stormy,0,0,4
2023-07-20,3,12,stormy,0,0,8
2023-07-20,3,13,stormy,0,0,14
2023-07-20,3,14,stormy,0,0,8
2023-07-20,3,15,stormy,0,0,5
2023-07-20,3,16,stormy,0,0,4
2023-07-20,3,17,stormy,0,0,6
2023-07-20,3,18,stormy,0,0,15
2023-07-20,3,19,stormy,0,0,24
2023-07-20,3,20,stormy,0,0,20
2023-07-20,3,21,stormy,0,0,11
2023-07-21,4,11,cloudy,0,0,9
2023-07-21,4,12,cloudy,0,0,25
2023-07-21,4,13,cloudy,0,0,27
2023-07-21,4,14,cloudy,0,0,21
2023-07-21,4,15,cloudy,0,0,9
2023-07-21,4,16,cloudy,0,0,6
2023-07-21,4,17,cloudy,0,0,12
2023-07-21,4,18,cloudy,0,0,36
2023-07-21,4,19,cloudy,0,0,48
2023-07-21,4,20,cloudy,0,0,32
2023-07-21,4,21,cloudy,0,0,22
2023-07-22,5,11,sunny,1,0,15
2023-07-22,5,12,sunny,1,0,40
2023-07-22,5,13,sunny,1,0,59
2023-07-22,5,14,sunny,1,0,37
2023-07-22,5,15,sunny,1,0,28
2023-07-22,5,16,sunny,1,0,13
2023-07-22,5,17,sunny,1,0,21
2023-07-22,5,18,sunny,1,0,60
2023-07-22,5,19,sunny,1,0,97
2023-07-22,5,20,sunny,1,0,95
2023-07-22,5,21,sunny,1,0,35
2023-07-23,6,11,cloudy,0,0,8
2023-07-23,6,12,cloudy,0,0,25
2023-07-23,6,13,cloudy,0,0,38
2023-07-23,6,14,cloudy,0,0,15
2023-07-23,6,15,cloudy,0,0,13
2023-07-23,6,16,cloudy,0,0,8
2023-07-23,6,17,cloudy,0,0,17
2023-07-23,6,18,cloudy,0,0,34
2023-07-23,6,19,cloudy,0,0,52
2023-07-23,6,20,cloudy,0,0,40
2023-07-23,6,21,cloudy,0,0,26
2023-07-24,0,11,sunny,0,0,8
2023-07-24,0,12,sunny,0,0,27
2023-07-24,0,13,sunny,0,0,35
2023-07-24,0,14,sunny,0,0,20
2023-07-24,0,15,sunny,0,0,11
2023-07-24,0,16,sunny,0,0,5
2023-07-24,0,17,sunny,0,0,13
2023-07-24,0,18,sunny,0,0,34
2023-07-24,0,19,sunny,0,0,60
2023-07-24,0,20,sunny,0,0,34
2023-07-24,0,21,sunny,0,0,27
2023-07-25,1,11,sunny,1,0,13
2023-07-25,1,12,sunny,1,0,35
2023-07-25,1,13,sunny,1,0,52
2023-07-25,1,14,sunny,1,0,29
2023-07-25,1,15,sunny,1,0,16
2023-07-25,1,16,sunny,1,0,9
2023-07-25,1,17,sunny,1,0,21
2023-07-25,1,18,sunny,1,0,52
2023-07-25,1,19,sunny,1,0,57
2023-07-25,1,20,sunny,1,0,45
2023-07-25,1,21,sunny,1,0,30
2023-07-26,2,11,rainy,0,0,5
2023-07-26,2,12,rainy,0,0,17
2023-07-26,2,13,rainy,0,0,25
2023-07-26,2,14,rainy,0,0,13
2023-07-26,2,15,rainy,0,0,7
2023-07-26,2,16,rainy,0,0,4
2023-07-26,2,17,rainy,0,0,10
2023-07-26,2,18,rainy,0,0,17
2023-07-26,2,19,rainy,0,0,29
2023-07-26,2,20,rainy,0,0,28
2023-07-26,2,21,rainy,0,0,18
2023-07-27,3,11,cloudy,0,0,7
2023-07-27,3,12,cloudy,0,0,17
2023-07-27,3,13,cloudy,0,0,30
2023-07-27,3,14,cloudy,0,0,16
2023-07-27,3,15,cloudy,0,0,8
2023-07-27,3,16,cloudy,0,0,5
2023-07-27,3,17,cloudy,0,0,11
2023-07-27,3,18,cloudy,0,0,27
2023-07-27,3,19,cloudy,0,0,29
2023-07-27,3,20,cloudy,0,0,38
2023-07-27,3,21,cloudy,0,0,23
2023-07-28,4,11,rainy,1,0,10
2023-07-28,4,12,rainy,1,0,22
2023-07-28,4,13,rainy,1,0,32
2023-07-28,4,14,rainy,1,0,21
2023-07-28,4,15,rainy,1,0,12
2023-07-28,4,16,rainy,1,0,7
2023-07-28,4,17,rainy,1,0,13
2023-07-28,4,18,rainy,1,0,35
2023-07-28,4,19,rainy,1,0,50
2023-07-28,4,20,rainy,1,0,48
2023-07-28,4,21,rainy,1,0,25
2023-07-29,5,11,rainy,0,0,9
2023-07-29,5,12,rainy,0,0,25
2023-07-29,5,13,rainy,0,0,28
2023-07-29,5,14,rainy,0,0,23
2023-07-29,5,15,rainy,0,0,12
2023-07-29,5,16,rainy,0,0,6
2023-07-29,5,17,rainy,0,0,12
2023-07-29,5,18,rainy,0,0,34
2023-07-29,5,19,rainy,0,0,47
2023-07-29,5,20,rainy,0,0,40
2023-07-29,5,21,rainy,0,0,23
2023-07-30,6,11,cloudy,0,0,10
2023-07-30,6,12,cloudy,0,0,31
2023-07-30,6,13,cloudy,0,0,31
2023-07-30,6,14,cloudy,0,0,24
2023-07-30,6,15,cloudy,0,0,15
2023-07-30,6,16,cloudy,0,0,7
2023-07-30,6,17,cloudy,0,0,14
2023-07-30,6,18,cloudy,0,0,35
2023-07-30,6,19,cloudy,0,0,45
2023-07-30,6,20,cloudy,0,0,41
2023-07-30,6,21,cloudy,0,0,24
2023-07-31,0,11,stormy,0,0,3
2023-07-31,0,12,stormy,0,0,10
2023-07-31,0,13,stormy,0,0,18
2023-07-31,0,14,stormy,0,0,10
2023-07-31,0,15,stormy,0,0,6
2023-07-31,0,16,stormy,0,0,3
2023-07-31,0,17,stormy,0,0,7
2023-07-31,0,18,stormy,0,0,14
2023-07-31,0,19,stormy,0,0,24
2023-07-31,0,20,stormy,0,0,19
2023-07-31,0,21,stormy,0,0,11
2023-08-01,1,11,sunny,0,0,9
2023-08-01,1,12,sunny,0,0,22
2023-08-01,1,13,sunny,0,0,33
2023-08-01,1,14,sunny,0,0,17
2023-08-01,1,15,sunny,0,0,12
2023-08-01,1,16,sunny,0,0,5
2023-08-01,1,17,sunny,0,0,14
2023-08-01,1,18,sunny,0,0,37
2023-08-01,1,19,sunny,0,0,42
2023-08-01,1,20,sunny,0,0,43
2023-08-01,1,21,sunny,0,0,23
2023-08-02,2,11,sunny,0,0,8
2023-08-02,2,12,sunny,0,0,26
2023-08-02,2,13,sunny,0,0,26
2023-08-02,2,14,sunny,0,0,20
2023-08-02,2,15,sunny,0,0,11
2023-08-02,2,16,sunny,0,0,7
2023-08-02,2,17,sunny,0,0,13
2023-08-02,2,18,sunny,0,0,33
2023-08-02,2,19,sunny,0,0,50
2023-08-02,2,20,sunny,0,0,41
2023-08-02,2,21,sunny,0,0,23
2023-08-03,3,11,sunny,0,0,10
2023-08-03,3,12,sunny,0,0,27
2023-08-03,3,13,sunny,0,0,28
2023-08-03,3,14,sunny,0,0,20
2023-08-03,3,15,sunny,0,0,11
2023-08-03,3,16,sunny,0,0,6
2023-08-03,3,17,sunny,0,0,14
2023-08-03,3,18,sunny,0,0,40
2023-08-03,3,19,sunny,0,0,51
2023-08-03,3,20,sunny,0,0,33
2023-08-03,3,21,sunny,0,0,24
2023-08-04,4,11,rainy,1,0,11
2023-08-04,4,12,rainy,1,0,27
2023-08-04,4,13,rainy,1,0,37
2023-08-04,4,14,rainy,1,0,26
2023-08-04,4,15,rainy,1,0,13
2023-08-04,4,16,rainy,1,0,7
2023-08-04,4,17,rainy,1,0,16
2023-08-04,4,18,rainy,1,0,36
2023-08-04,4,19,rainy,1,0,47
2023-08-04,4,20,rainy,1,0,39
2023-08-04,4,21,rainy,1,0,28
2023-08-05,5,11,rainy,0,0,9
2023-08-05,5,12,rainy,0,0,20
2023-08-05,5,13,rainy,0,0,32
2023-08-05,5,14,rainy,0,0,15
2023-08-05,5,15,rainy,0,0,12
2023-08-05,5,16,rainy,0,0,7
2023-08-05,5,17,rainy,0,0,12
2023-08-05,5,18,rainy,0,0,34
2023-08-05,5,19,rainy,0,0,55
2023-08-05,5,20,rainy,0,0,36
2023-08-05,5,21,rainy,0,0,19
2023-08-06,6,11,stormy,0,0,6
2023-08-06,6,12,stormy,0,0,19
2023-08-06,6,13,stormy,0,0,20
2023-08-06,6,14,stormy,0,0,14
2023-08-06,6,15,stormy,0,0,8
2023-08-06,6,16,stormy,0,0,3
2023-08-06,6,17,stormy,0,0,8
2023-08-06,6,18,stormy,0,0,24
2023-08-06,6,19,stormy,0,0,34
2023-08-06,6,20,stormy,0,0,26
2023-08-06,6,21,stormy,0,0,12
2023-08-07,0,11,cloudy,0,0,7
2023-08-07,0,12,cloudy,0,0,22
2023-08-07,0,13,cloudy,0,0,33
2023-08-07,0,14,cloudy,0,0,19
2023-08-07,0,15,cloudy,0,0,10
2023-08-07,0,16,cloudy,0,0,6
2023-08-07,0,17,cloudy,0,0,12
2023-08-07,0,18,cloudy,0,0,32
2023-08-07,0,19,cloudy,0,0,27
2023-08-07,0,20,cloudy,0,0,33
2023-08-07,0,21,cloudy,0,0,20
2023-08-08,1,11,sunny,0,0,7
2023-08-08,1,12,sunny,0,0,30
2023-08-08,1,13,sunny,0,0,38
2023-08-08,1,14,sunny,0,0,19
2023-08-08,1,15,sunny,0,0,11
2023-08-08,1,16,sunny,0,0,6
2023-08-08,1,17,sunny,0,0,13
2023-08-08,1,18,sunny,0,0,35
2023-08-08,1,19,sunny,0,0,41
2023-08-08,1,20,sunny,0,0,34
2023-08-08,1,21,sunny,0,0,24
2023-08-09,2,11,rainy,0,0,6
2023-08-09,2,12,rainy,0,0,15
2023-08-09,2,13,rainy,0,0,24
2023-08-09,2,14,rainy,0,0,13
2023-08-09,2,15,rainy,0,0,8
2023-08-09,2,16,rainy,0,0,5
2023-08-09,2,17,rainy,0,0,9
2023-08-09,2,18,rainy,0,0,25
2023-08-09,2,19,rainy,0,0,30
2023-08-09,2,20,rainy,0,0,27
2023-08-09,2,21,rainy,0,0,15
2023-08-10,3,11,sunny,0,0,8
2023-08-10,3,12,sunny,0,0,24
2023-08-10,3,13,sunny,0,0,26
2023-08-10,3,14,sunny,0,0,19
2023-08-10,3,15,sunny,0,0,11
2023-08-10,3,16,sunny,0,0,6
2023-08-10,3,17,sunny,0,0,13
2023-08-10,3,18,sunny,0,0,34
2023-08-10,3,19,sunny,0,0,48
2023-08-10,3,20,sunny,0,0,44
2023-08-10,3,21,sunny,0,0,21
2023-08-11,4,11,sunny,0,0,9
2023-08-11,4,12,sunny,0,0,26
2023-08-11,4,13,sunny,0,0,32
2023-08-11,4,14,sunny,0,0,19
2023-08-11,4,15,sunny,0,0,11
2023-08-11,4,16,sunny,0,0,7
2023-08-11,4,17,sunny,0,0,16
2023-08-11,4,18,sunny,0,0,35
2023-08-11,4,19,sunny,0,0,48
2023-08-11,4,20,sunny,0,0,39
2023-08-11,4,21,sunny,0,0,25
2023-08-12,5,11,sunny,0,0,11
2023-08-12,5,12,sunny,0,0,33
2023-08-12,5,13,sunny,0,0,46
2023-08-12,5,14,sunny,0,0,29
2023-08-12,5,15,sunny,0,0,21
2023-08-12,5,16,sunny,0,0,10
2023-08-12,5,17,sunny,0,0,16
2023-08-12,5,18,sunny,0,0,47
2023-08-12,5,19,sunny,0,0,50
2023-08-12,5,20,sunny,0,0,55
2023-08-12,5,21,sunny,0,0,28
2023-08-13,6,11,sunny,0,0,11
2023-08-13,6,12,sunny,0,0,30
2023-08-13,6,13,sunny,0,0,50
2023-08-13,6,14,sunny,0,0,25
2023-08-13,6,15,sunny,0,0,18
2023-08-13,6,16,sunny,0,0,9
2023-08-13,6,17,sunny,0,0,18
2023-08-13,6,18,sunny,0,0,46
2023-08-13,6,19,sunny,0,0,62
2023-08-13,6,20,sunny,0,0,40
2023-08-13,6,21,sunny,0,0,28
2023-08-14,0,11,sunny,0,0,10
2023-08-14,0,12,sunny,0,0,25
2023-08-14,0,13,sunny,0,0,38
2023-08-14,0,14,sunny,0,0,23
2023-08-14,0,15,sunny,0,0,11
2023-08-14,0,16,sunny,0,0,7
2023-08-14,0,17,sunny,0,0,13
2023-08-14,0,18,sunny,0,0,27
2023-08-14,0,19,sunny,0,0,40
2023-08-14,0,20,sunny,0,0,47
2023-08-14,0,21,sunny,0,0,22
2023-08-15,1,11,sunny,0,0,11
2023-08-15,1,12,sunny,0,0,30
2023-08-15,1,13,sunny,0,0,40
2023-08-15,1,14,sunny,0,0,20
2023-08-15,1,15,sunny,0,0,11
2023-08-15,1,16,sunny,0,0,5
2023-08-15,1,17,sunny,0,0,16
2023-08-15,1,18,sunny,0,0,29
2023-08-15,1,19,sunny,0,0,47
2023-08-15,1,20,sunny,0,0,34
2023-08-15,1,21,sunny,0,0,21
2023-08-16,2,11,sunny,0,0,8
2023-08-16,2,12,sunny,0,0,23
2023-08-16,2,13,sunny,0,0,35
2023-08-16,2,14,sunny,0,0,17
2023-08-16,2,15,sunny,0,0,11
2023-08-16,2,16,sunny,0,0,7
2023-08-16,2,17,sunny,0,0,12
2023-08-16,2,18,sunny,0,0,31
2023-08-16,2,19,sunny,0,0,44
2023-08-16,2,20,sunny,0,0,45
2023-08-16,2,21,sunny,0,0,23
2023-08-17,3,11,rainy,0,0,5
2023-08-17,3,12,rainy,0,0,19
2023-08-17,3,13,rainy,0,0,23
2023-08-17,3,14,rainy,0,0,13
2023-08-17,3,15,rainy,0,0,7
2023-08-17,3,16,rainy,0,0,4
2023-08-17,3,17,rainy,0,0,10
2023-08-17,3,18,rainy,0,0,27
2023-08-17,3,19,rainy,0,0,29
2023-08-17,3,20,rainy,0,0,29
2023-08-17,3,21,rainy,0,0,11
2023-08-18,4,11,sunny,0,0,9
2023-08-18,4,12,sunny,0,0,24
2023-08-18,4,13,sunny,0,0,32
2023-08-18,4,14,sunny,0,0,23
2023-08-18,4,15,sunny,0,0,12
2023-08-18,4,16,sunny,0,0,5
2023-08-18,4,17,sunny,0,0,11
2023-08-18,4,18,sunny,0,0,35
2023-08-18,4,19,sunny,0,0,53
2023-08-18,4,20,sunny,0,0,29
2023-08-18,4,21,sunny,0,0,23
2023-08-19,5,11,cloudy,0,0,10
2023-08-19,5,12,cloudy,0,0,35
2023-08-19,5,13,cloudy,0,0,37
2023-08-19,5,14,cloudy,0,0,26
2023-08-19,5,15,cloudy,0,0,14
2023-08-19,5,16,cloudy,0,0,6
2023-08-19,5,17,cloudy,0,0,18
2023-08-19,5,18,cloudy,0,0,43
2023-08-19,5,19,cloudy,0,0,59
2023-08-19,5,20,cloudy,0,0,72
2023-08-19,5,21,cloudy,0,0,20
2023-08-20,6,11,rainy,0,0,10
2023-08-20,6,12,rainy,0,0,22
2023-08-20,6,13,rainy,0,0,27
2023-08-20,6,14,rainy,0,0,17
2023-08-20,6,15,rainy,0,0,10
2023-08-20,6,16,rainy,0,0,5
2023-08-20,6,17,rainy,0,0,13
2023-08-20,6,18,rainy,0,0,29
2023-08-20,6,19,rainy,0,0,35
2023-08-20,6,20,rainy,0,0,34
2023-08-20,6,21,rainy,0,0,23
2023-08-21,0,11,rainy,0,0,5
2023-08-21,0,12,rainy,0,0,19
2023-08-21,0,13,rainy,0,0,24
2023-08-21,0,14,rainy,0,0,17
2023-08-21,0,15,rainy,0,0,7
2023-08-21,0,16,rainy,0,0,5
2023-08-21,0,17,rainy,0,0,9
2023-08-21,0,18,rainy,0,0,27
2023-08-21,0,19,rainy,0,0,29
2023-08-21,0,20,rainy,0,0,30
2023-08-21,0,21,rainy,0,0,15
2023-08-22,1,11,stormy,0,0,4
2023-08-22,1,12,stormy,0,0,11
2023-08-22,1,13,stormy,0,0,15
2023-08-22,1,14,stormy,0,0,11
2023-08-22,1,15,stormy,0,0,6
2023-08-22,1,16,stormy,0,0,3
2023-08-22,1,17,stormy,0,0,6
2023-08-22,1,18,stormy,0,0,14
2023-08-22,1,19,stormy,0,0,24
2023-08-22,1,20,stormy,0,0,21
2023-08-22,1,21,stormy,0,0,12
2023-08-23,2,11,stormy,0,0,4
2023-08-23,2,12,stormy,0,0,11
2023-08-23,2,13,stormy,0,0,12
2023-08-23,2,14,stormy,0,0,9
2023-08-23,2,15,stormy,0,0,6
2023-08-23,2,16,stormy,0,0,3
2023-08-23,2,17,stormy,0,0,7
2023-08-23,2,18,stormy,0,0,16
2023-08-23,2,19,stormy,0,0,22
2023-08-23,2,20,stormy,0,0,16
2023-08-23,2,21,stormy,0,0,11
2023-08-24,3,11,sunny,0,0,5
2023-08-24,3,12,sunny,0,0,28
2023-08-24,3,13,sunny,0,0,35
2023-08-24,3,14,sunny,0,0,21
2023-08-24,3,15,sunny,0,0,13
2023-08-24,3,16,sunny,0,0,6
2023-08-24,3,17,sunny,0,0,16
2023-08-24,3,18,sunny,0,0,38
2023-08-24,3,19,sunny,0,0,44
2023-08-24,3,20,sunny,0,0,45
2023-08-24,3,21,sunny,0,0,19
2023-08-25,4,11,sunny,0,0,9
2023-08-25,4,12,sunny,0,0,24
2023-08-25,4,13,sunny,0,0,40
2023-08-25,4,14,sunny,0,0,22
2023-08-25,4,15,sunny,0,0,13
2023-08-25,4,16,sunny,0,0,7
2023-08-25,4,17,sunny,0,0,11
2023-08-25,4,18,sunny,0,0,39
2023-08-25,4,19,sunny,0,0,38
2023-08-25,4,20,sunny,0,0,43
2023-08-25,4,21,sunny,0,0,21
2023-08-26,5,11,sunny,0,0,15
2023-08-26,5,12,sunny,0,0,39
2023-08-26,5,13,sunny,0,0,45
2023-08-26,5,14,sunny,0,0,33
2023-08-26,5,15,sunny,0,0,14
2023-08-26,5,16,sunny,0,0,10
2023-08-26,5,17,sunny,0,0,19
2023-08-26,5,18,sunny,0,0,49
2023-08-26,5,19,sunny,0,0,74
2023-08-26,5,20,sunny,0,0,61
2023-08-26,5,21,sunny,0,0,33
2023-08-27,6,11,sunny,0,0,11
2023-08-27,6,12,sunny,0,0,33
2023-08-27,6,13,sunny,0,0,36
2023-08-27,6,14,sunny,0,0,34
2023-08-27,6,15,sunny,0,0,17
2023-08-27,6,16,sunny,0,0,9
2023-08-27,6,17,sunny,0,0,18
2023-08-27,6,18,sunny,0,0,43
2023-08-27,6,19,sunny,0,0,52
2023-08-27,6,20,sunny,0,0,52
2023-08-27,6,21,sunny,0,0,30
2023-08-28,0,11,sunny,0,0,7
2023-08-28,0,12,sunny,0,0,19
2023-08-28,0,13,sunny,0,0,28
2023-08-28,0,14,sunny,0,0,19
2023-08-28,0,15,sunny,0,0,14
2023-08-28,0,16,sunny,0,0,7
2023-08-28,0,17,sunny,0,0,11
2023-08-28,0,18,sunny,0,0,36
2023-08-28,0,19,sunny,0,0,37
2023-08-28,0,20,sunny,0,0,45
2023-08-28,0,21,sunny,0,0,21
2023-08-29,1,11,rainy,0,0,5
2023-08-29,1,12,rainy,0,0,14
2023-08-29,1,13,rainy,0,0,20
2023-08-29,1,14,rainy,0,0,16
2023-08-29,1,15,rainy,0,0,6
2023-08-29,1,16,rainy,0,0,3
2023-08-29,1,17,rainy,0,0,9
2023-08-29,1,18,rainy,0,0,25
2023-08-29,1,19,rainy,0,0,36
2023-08-29,1,20,rainy,0,0,26
2023-08-29,1,21,rainy,0,0,15
2023-08-30,2,11,cloudy,0,0,9
2023-08-30,2,12,cloudy,0,0,22
2023-08-30,2,13,cloudy,0,0,29
2023-08-30,2,14,cloudy,0,0,16
2023-08-30,2,15,cloudy,0,0,10
2023-08-30,2,16,cloudy,0,0,4
2023-08-30,2,17,cloudy,0,0,11
2023-08-30,2,18,cloudy,0,0,31
2023-08-30,2,19,cloudy,0,0,35
2023-08-30,2,20,cloudy,0,0,35
2023-08-30,2,21,cloudy,0,0,21
2023-08-31,3,11,rainy,1,0,7
2023-08-31,3,12,rainy,1,0,23
2023-08-31,3,13,rainy,1,0,32
2023-08-31,3,14,rainy,1,0,19
2023-08-31,3,15,rainy,1,0,10
2023-08-31,3,16,rainy,1,0,6
2023-08-31,3,17,rainy,1,0,14
2023-08-31,3,18,rainy,1,0,24
2023-08-31,3,19,rainy,1,0,49
2023-08-31,3,20,rainy,1,0,36
2023-08-31,3,21,rainy,1,0,22
2023-09-01,4,11,sunny,0,0,11
2023-09-01,4,12,sunny,0,0,26
2023-09-01,4,13,sunny,0,0,32
2023-09-01,4,14,sunny,0,0,27
2023-09-01,4,15,sunny,0,0,11
2023-09-01,4,16,sunny,0,0,7
2023-09-01,4,17,sunny,0,0,15
2023-09-01,4,18,sunny,0,0,32
2023-09-01,4,19,sunny,0,0,48
2023-09-01,4,20,sunny,0,0,45
2023-09-01,4,21,sunny,0,0,24
2023-09-02,5,11,sunny,0,0,10
2023-09-02,5,12,sunny,0,0,36
2023-09-02,5,13,sunny,0,0,54
2023-09-02,5,14,sunny,0,0,29
2023-09-02,5,15,sunny,0,0,16
2023-09-02,5,16,sunny,0,0,10
2023-09-02,5,17,sunny,0,0,16
2023-09-02,5,18,sunny,0,0,58
2023-09-02,5,19,sunny,0,0,65
2023-09-02,5,20,sunny,0,0,67
2023-09-02,5,21,sunny,0,0,29
2023-09-03,6,11,rainy,0,0,10
2023-09-03,6,12,rainy,0,0,23
2023-09-03,6,13,rainy,0,0,28
2023-09-03,6,14,rainy,0,0,21
2023-09-03,6,15,rainy,0,0,10
2023-09-03,6,16,rainy,0,0,4
2023-09-03,6,17,rainy,0,0,10
2023-09-03,6,18,rainy,0,0,30
2023-09-03,6,19,rainy,0,0,43
2023-09-03,6,20,rainy,0,0,36
2023-09-03,6,21,rainy,0,0,23
2023-09-04,0,11,cloudy,0,0,6
2023-09-04,0,12,cloudy,0,0,24
2023-09-04,0,13,cloudy,0,0,27
2023-09-04,0,14,cloudy,0,0,18
2023-09-04,0,15,cloudy,0,0,8
2023-09-04,0,16,cloudy,0,0,6
2023-09-04,0,17,cloudy,0,0,13
2023-09-04,0,18,cloudy,0,0,32
2023-09-04,0,19,cloudy,0,0,39
2023-09-04,0,20,cloudy,0,0,37
2023-09-04,0,21,cloudy,0,0,18
2023-09-05,1,11,stormy,1,0,6
2023-09-05,1,12,stormy,1,0,19
2023-09-05,1,13,stormy,1,0,23
2023-09-05,1,14,stormy,1,0,12
2023-09-05,1,15,stormy,1,0,7
2023-09-05,1,16,stormy,1,0,3
2023-09-05,1,17,stormy,1,0,9
2023-09-05,1,18,stormy,1,0,23
2023-09-05,1,19,stormy,1,0,23
2023-09-05,1,20,stormy,1,0,22
2023-09-05,1,21,stormy,1,0,14
2023-09-06,2,11,sunny,0,0,9
2023-09-06,2,12,sunny,0,0,26
2023-09-06,2,13,sunny,0,0,31
2023-09-06,2,14,sunny,0,0,18
2023-09-06,2,15,sunny,0,0,12
2023-09-06,2,16,sunny,0,0,8
2023-09-06,2,17,sunny,0,0,12
2023-09-06,2,18,sunny,0,0,31
2023-09-06,2,19,sunny,0,0,48
2023-09-06,2,20,sunny,0,0,38
2023-09-06,2,21,sunny,0,0,22
2023-09-07,3,11,sunny,1,0,13
2023-09-07,3,12,sunny,1,0,26
2023-09-07,3,13,sunny,1,0,50
2023-09-07,3,14,sunny,1,0,28
2023-09-07,3,15,sunny,1,0,14
2023-09-07,3,16,sunny,1,0,9
2023-09-07,3,17,sunny,1,0,18
2023-09-07,3,18,sunny,1,0,36
2023-09-07,3,19,sunny,1,0,73
2023-09-07,3,20,sunny,1,0,54
2023-09-07,3,21,sunny,1,0,32
2023-09-08,4,11,sunny,0,0,10
2023-09-08,4,12,sunny,0,0,26
2023-09-08,4,13,sunny,0,0,39
2023-09-08,4,14,sunny,0,0,16
2023-09-08,4,15,sunny,0,0,12
2023-09-08,4,16,sunny,0,0,7
2023-09-08,4,17,sunny,0,0,15
2023-09-08,4,18,sunny,0,0,40
2023-09-08,4,19,sunny,0,0,46
2023-09-08,4,20,sunny,0,0,40
2023-09-08,4,21,sunny,0,0,24
2023-09-09,5,11,sunny,0,0,11
2023-09-09,5,12,sunny,0,0,23
2023-09-09,5,13,sunny,0,0,43
2023-09-09,5,14,sunny,0,0,25
2023-09-09,5,15,sunny,0,0,12
2023-09-09,5,16,sunny,0,0,8
2023-09-09,5,17,sunny,0,0,19
2023-09-09,5,18,sunny,0,0,56
2023-09-09,5,19,sunny,0,0,66
2023-09-09,5,20,sunny,0,0,52
2023-09-09,5,21,sunny,0,0,33
2023-09-10,6,11,sunny,0,0,10
2023-09-10,6,12,sunny,0,0,25
2023-09-10,6,13,sunny,0,0,39
2023-09-10,6,14,sunny,0,0,27
2023-09-10,6,15,sunny,0,0,14
2023-09-10,6,16,sunny,0,0,8
2023-09-10,6,17,sunny,0,0,15
2023-09-10,6,18,sunny,0,0,48
2023-09-10,6,19,sunny,0,0,50
2023-09-10,6,20,sunny,0,0,57
2023-09-10,6,21,sunny,0,0,26
2023-09-11,0,11,cloudy,0,0,7
2023-09-11,0,12,cloudy,0,0,24
2023-09-11,0,13,cloudy,0,0,29
2023-09-11,0,14,cloudy,0,0,20
2023-09-11,0,15,cloudy,0,0,10
2023-09-11,0,16,cloudy,0,0,5
2023-09-11,0,17,cloudy,0,0,11
2023-09-11,0,18,cloudy,0,0,27
2023-09-11,0,19,cloudy,0,0,46
2023-09-11,0,20,cloudy,0,0,29
2023-09-11,0,21,cloudy,0,0,22
2023-09-12,1,11,sunny,0,0,10
2023-09-12,1,12,sunny,0,0,30
2023-09-12,1,13,sunny,0,0,30
2023-09-12,1,14,sunny,0,0,22
2023-09-12,1,15,sunny,0,0,14
2023-09-12,1,16,sunny,0,0,6
2023-09-12,1,17,sunny,0,0,11
2023-09-12,1,18,sunny,0,0,26
2023-09-12,1,19,sunny,0,0,49
2023-09-12,1,20,sunny,0,0,31
2023-09-12,1,21,sunny,0,0,21
2023-09-13,2,11,stormy,0,0,4
2023-09-13,2,12,stormy,0,0,12
2023-09-13,2,13,stormy,0,0,17
2023-09-13,2,14,stormy,0,0,8
2023-09-13,2,15,stormy,0,0,5
2023-09-13,2,16,stormy,0,0,2
2023-09-13,2,17,stormy,0,0,7
2023-09-13,2,18,stormy,0,0,18
2023-09-13,2,19,stormy,0,0,23
2023-09-13,2,20,stormy,0,0,21
2023-09-13,2,21,stormy,0,0,9
2023-09-14,3,11,cloudy,0,0,8
2023-09-14,3,12,cloudy,0,0,26
2023-09-14,3,13,cloudy,0,0,22
2023-09-14,3,14,cloudy,0,0,16
2023-09-14,3,15,cloudy,0,0,9
2023-09-14,3,16,cloudy,0,0,6
2023-09-14,3,17,cloudy,0,0,10
2023-09-14,3,18,cloudy,0,0,32
2023-09-14,3,19,cloudy,0,0,46
2023-09-14,3,20,cloudy,0,0,37
2023-09-14,3,21,cloudy,0,0,20
2023-09-15,4,11,rainy,1,0,8
2023-09-15,4,12,rainy,1,0,23
2023-09-15,4,13,rainy,1,0,38
2023-09-15,4,14,rainy,1,0,23
2023-09-15,4,15,rainy,1,0,11
2023-09-15,4,16,rainy,1,0,6
2023-09-15,4,17,rainy,1,0,10
2023-09-15,4,18,rainy,1,0,31
2023-09-15,4,19,rainy,1,0,58
2023-09-15,4,20,rainy,1,0,35
2023-09-15,4,21,rainy,1,0,24
2023-09-16,5,11,sunny,0,0,13
2023-09-16,5,12,sunny,0,0,39
2023-09-16,5,13,sunny,0,0,45
2023-09-16,5,14,sunny,0,0,38
2023-09-16,5,15,sunny,0,0,12
2023-09-16,5,16,sunny,0,0,10
2023-09-16,5,17,sunny,0,0,18
2023-09-16,5,18,sunny,0,0,52
2023-09-16,5,19,sunny,0,0,67
2023-09-16,5,20,sunny,0,0,51
2023-09-16,5,21,sunny,0,0,33
2023-09-17,6,11,cloudy,0,0,8
2023-09-17,6,12,cloudy,0,0,30
2023-09-17,6,13,cloudy,0,0,41
2023-09-17,6,14,cloudy,0,0,24
2023-09-17,6,15,cloudy,0,0,13
2023-09-17,6,16,cloudy,0,0,6
2023-09-17,6,17,cloudy,0,0,14
2023-09-17,6,18,cloudy,0,0,44
2023-09-17,6,19,cloudy,0,0,60
2023-09-17,6,20,cloudy,0,0,44
2023-09-17,6,21,cloudy,0,0,26
2023-09-18,0,11,rainy,0,0,6
2023-09-18,0,12,rainy,0,0,21
2023-09-18,0,13,rainy,0,0,20
2023-09-18,0,14,rainy,0,0,13
2023-09-18,0,15,rainy,0,0,8
2023-09-18,0,16,rainy,0,0,5
2023-09-18,0,17,rainy,0,0,9
2023-09-18,0,18,rainy,0,0,21
2023-09-18,0,19,rainy,0,0,35
2023-09-18,0,20,rainy,0,0,30
2023-09-18,0,21,rainy,0,0,14
2023-09-19,1,11,sunny,1,0,14
2023-09-19,1,12,sunny,1,0,38
2023-09-19,1,13,sunny,1,0,44
2023-09-19,1,14,sunny,1,0,28
2023-09-19,1,15,sunny,1,0,16
2023-09-19,1,16,sunny,1,0,8
2023-09-19,1,17,sunny,1,0,18
2023-09-19,1,18,sunny,1,0,34
2023-09-19,1,19,sunny,1,0,68
2023-09-19,1,20,sunny,1,0,44
2023-09-19,1,21,sunny,1,0,36
2023-09-20,2,11,sunny,1,0,11
2023-09-20,2,12,sunny,1,0,32
2023-09-20,2,13,sunny,1,0,50
2023-09-20,2,14,sunny,1,0,19
2023-09-20,2,15,sunny,1,0,17
2023-09-20,2,16,sunny,1,0,9
2023-09-20,2,17,sunny,1,0,15
2023-09-20,2,18,sunny,1,0,40
2023-09-20,2,19,sunny,1,0,74
2023-09-20,2,20,sunny,1,0,48
2023-09-20,2,21,sunny,1,0,26
2023-09-21,3,11,sunny,0,0,10
2023-09-21,3,12,sunny,0,0,25
2023-09-21,3,13,sunny,0,0,28
2023-09-21,3,14,sunny,0,0,23
2023-09-21,3,15,sunny,0,0,12
2023-09-21,3,16,sunny,0,0,7
2023-09-21,3,17,sunny,0,0,14
2023-09-21,3,18,sunny,0,0,41
2023-09-21,3,19,sunny,0,0,45
2023-09-21,3,20,sunny,0,0,34
2023-09-21,3,21,sunny,0,0,24
2023-09-22,4,11,sunny,0,0,12
2023-09-22,4,12,sunny,0,0,24
2023-09-22,4,13,sunny,0,0,33
2023-09-22,4,14,sunny,0,0,23
2023-09-22,4,15,sunny,0,0,12
2023-09-22,4,16,sunny,0,0,6
2023-09-22,4,17,sunny,0,0,17
2023-09-22,4,18,sunny,0,0,48
2023-09-22,4,19,sunny,0,0,51
2023-09-22,4,20,sunny,0,0,39
2023-09-22,4,21,sunny,0,0,20
2023-09-23,5,11,cloudy,0,0,11
2023-09-23,5,12,cloudy,0,0,30
2023-09-23,5,13,cloudy,0,0,36
2023-09-23,5,14,cloudy,0,0,21
2023-09-23,5,15,cloudy,0,0,15
2023-09-23,5,16,cloudy,0,0,9
2023-09-23,5,17,cloudy,0,0,13
2023-09-23,5,18,cloudy,0,0,50
2023-09-23,5,19,cloudy,0,0,59
2023-09-23,5,20,cloudy,0,0,57
2023-09-23,5,21,cloudy,0,0,23
2023-09-24,6,11,cloudy,0,0,11
2023-09-24,6,12,cloudy,0,0,34
2023-09-24,6,13,cloudy,0,0,39
2023-09-24,6,14,cloudy,0,0,22
2023-09-24,6,15,cloudy,0,0,11
2023-09-24,6,16,cloudy,0,0,8
2023-09-24,6,17,cloudy,0,0,13
2023-09-24,6,18,cloudy,0,0,46
2023-09-24,6,19,cloudy,0,0,50
2023-09-24,6,20,cloudy,0,0,54
2023-09-24,6,21,cloudy,0,0,28
2023-09-25,0,11,sunny,0,0,9
2023-09-25,0,12,sunny,0,0,26
2023-09-25,0,13,sunny,0,0,32
2023-09-25,0,14,sunny,0,0,19
2023-09-25,0,15,sunny,0,0,11
2023-09-25,0,16,sunny,0,0,6
2023-09-25,0,17,sunny,0,0,10
2023-09-25,0,18,sunny,0,0,36
2023-09-25,0,19,sunny,0,0,40
2023-09-25,0,20,sunny,0,0,34
2023-09-25,0,21,sunny,0,0,18
2023-09-26,1,11,sunny,0,0,7
2023-09-26,1,12,sunny,0,0,21
2023-09-26,1,13,sunny,0,0,29
2023-09-26,1,14,sunny,0,0,25
2023-09-26,1,15,sunny,0,0,10
2023-09-26,1,16,sunny,0,0,7
2023-09-26,1,17,sunny,0,0,14
2023-09-26,1,18,sunny,0,0,35
2023-09-26,1,19,sunny,0,0,45
2023-09-26,1,20,sunny,0,0,34
2023-09-26,1,21,sunny,0,0,27
2023-09-27,2,11,cloudy,0,0,9
2023-09-27,2,12,cloudy,0,0,21
2023-09-27,2,13,cloudy,0,0,24
2023-09-27,2,14,cloudy,0,0,19
2023-09-27,2,15,cloudy,0,0,9
2023-09-27,2,16,cloudy,0,0,7
2023-09-27,2,17,cloudy,0,0,13
2023-09-27,2,18,cloudy,0,0,30
2023-09-27,2,19,cloudy,0,0,44
2023-09-27,2,20,cloudy,0,0,39
2023-09-27,2,21,cloudy,0,0,18
2023-09-28,3,11,cloudy,1,0,11
2023-09-28,3,12,cloudy,1,0,30
2023-09-28,3,13,cloudy,1,0,30
2023-09-28,3,14,cloudy,1,0,21
2023-09-28,3,15,cloudy,1,0,13
2023-09-28,3,16,cloudy,1,0,8
2023-09-28,3,17,cloudy,1,0,20
2023-09-28,3,18,cloudy,1,0,33
2023-09-28,3,19,cloudy,1,0,57
2023-09-28,3,20,cloudy,1,0,55
2023-09-28,3,21,cloudy,1,0,34
2023-09-29,4,11,rainy,0,0,6
2023-09-29,4,12,rainy,0,0,19
2023-09-29,4,13,rainy,0,0,24
2023-09-29,4,14,rainy,0,0,16
2023-09-29,4,15,rainy,0,0,6
2023-09-29,4,16,rainy,0,0,5
2023-09-29,4,17,rainy,0,0,10
2023-09-29,4,18,rainy,0,0,25
2023-09-29,4,19,rainy,0,0,43
2023-09-29,4,20,rainy,0,0,28
2023-09-29,4,21,rainy,0,0,16
2023-09-30,5,11,cloudy,0,0,10
2023-09-30,5,12,cloudy,0,0,30
2023-09-30,5,13,cloudy,0,0,43
2023-09-30,5,14,cloudy,0,0,25
2023-09-30,5,15,cloudy,0,0,11
2023-09-30,5,16,cloudy,0,0,7
2023-09-30,5,17,cloudy,0,0,15
2023-09-30,5,18,cloudy,0,0,41
2023-09-30,5,19,cloudy,0,0,58
2023-09-30,5,20,cloudy,0,0,51
2023-09-30,5,21,cloudy,0,0,22
2023-10-01,6,11,rainy,0,0,9
2023-10-01,6,12,rainy,0,0,24
2023-10-01,6,13,rainy,0,0,32
2023-10-01,6,14,rainy,0,0,19
2023-10-01,6,15,rainy,0,0,12
2023-10-01,6,16,rainy,0,0,6
2023-10-01,6,17,rainy,0,0,12
2023-10-01,6,18,rainy,0,0,39
2023-10-01,6,19,rainy,0,0,46
2023-10-01,6,20,rainy,0,0,38
2023-10-01,6,21,rainy,0,0,17
2023-10-02,0,11,cloudy,0,0,8
2023-10-02,0,12,cloudy,0,0,20
2023-10-02,0,13,cloudy,0,0,28
2023-10-02,0,14,cloudy,0,0,21
2023-10-02,0,15,cloudy,0,0,10
2023-10-02,0,16,cloudy,0,0,5
2023-10-02,0,17,cloudy,0,0,11
2023-10-02,0,18,cloudy,0,0,27
2023-10-02,0,19,cloudy,0,0,38
2023-10-02,0,20,cloudy,0,0,33
2023-10-02,0,21,cloudy,0,0,18
2023-10-03,1,11,sunny,0,0,7
2023-10-03,1,12,sunny,0,0,16
2023-10-03,1,13,sunny,0,0,40
2023-10-03,1,14,sunny,0,0,23
2023-10-03,1,15,sunny,0,0,10
2023-10-03,1,16,sunny,0,0,6
2023-10-03,1,17,sunny,0,0,11
2023-10-03,1,18,sunny,0,0,41
2023-10-03,1,19,sunny,0,0,56
2023-10-03,1,20,sunny,0,0,41
2023-10-03,1,21,sunny,0,0,25
2023-10-04,2,11,stormy,1,0,6
2023-10-04,2,12,stormy,1,0,13
2023-10-04,2,13,stormy,1,0,19
2023-10-04,2,14,stormy,1,0,13
2023-10-04,2,15,stormy,1,0,7
2023-10-04,2,16,stormy,1,0,4
2023-10-04,2,17,stormy,1,0,8
2023-10-04,2,18,stormy,1,0,22
2023-10-04,2,19,stormy,1,0,29
2023-10-04,2,20,stormy,1,0,22
2023-10-04,2,21,stormy,1,0,13
2023-10-05,3,11,stormy,0,0,3
2023-10-05,3,12,stormy,0,0,13
2023-10-05,3,13,stormy,0,0,11
2023-10-05,3,14,stormy,0,0,11
2023-10-05,3,15,stormy,0,0,6
2023-10-05,3,16,stormy,0,0,3
2023-10-05,3,17,stormy,0,0,4
2023-10-05,3,18,stormy,0,0,15
2023-10-05,3,19,stormy,0,0,21
2023-10-05,3,20,stormy,0,0,16
2023-10-05,3,21,stormy,0,0,10
2023-10-06,4,11,sunny,0,0,11
2023-10-06,4,12,sunny,0,0,30
2023-10-06,4,13,sunny,0,0,31
2023-10-06,4,14,sunny,0,0,18
2023-10-06,4,15,sunny,0,0,12
2023-10-06,4,16,sunny,0,0,7
2023-10-06,4,17,sunny,0,0,16
2023-10-06,4,18,sunny,0,0,35
2023-10-06,4,19,sunny,0,0,53
2023-10-06,4,20,sunny,0,0,54
2023-10-06,4,21,sunny,0,0,27
2023-10-07,5,11,sunny,0,0,12
2023-10-07,5,12,sunny,0,0,40
2023-10-07,5,13,sunny,0,0,41
2023-10-07,5,14,sunny,0,0,29
2023-10-07,5,15,sunny,0,0,16
2023-10-07,5,16,sunny,0,0,9
2023-10-07,5,17,sunny,0,0,16
2023-10-07,5,18,sunny,0,0,50
2023-10-07,5,19,sunny,0,0,63
2023-10-07,5,20,sunny,0,0,59
2023-10-07,5,21,sunny,0,0,30
2023-10-08,6,11,sunny,0,0,14
2023-10-08,6,12,sunny,0,0,25
2023-10-08,6,13,sunny,0,0,44
2023-10-08,6,14,sunny,0,0,28
2023-10-08,6,15,sunny,0,0,13
2023-10-08,6,16,sunny,0,0,9
2023-10-08,6,17,sunny,0,0,20
2023-10-08,6,18,sunny,0,0,32
2023-10-08,6,19,sunny,0,0,63
2023-10-08,6,20,sunny,0,0,36
2023-10-08,6,21,sunny,0,0,26
2023-10-09,0,11,sunny,0,0,10
2023-10-09,0,12,sunny,0,0,23
2023-10-09,0,13,sunny,0,0,27
2023-10-09,0,14,sunny,0,0,20
2023-10-09,0,15,sunny,0,0,14
2023-10-09,0,16,sunny,0,0,5
2023-10-09,0,17,sunny,0,0,12
2023-10-09,0,18,sunny,0,0,40
2023-10-09,0,19,sunny,0,0,56
2023-10-09,0,20,sunny,0,0,39
2023-10-09,0,21,sunny,0,0,19
2023-10-10,1,11,cloudy,0,0,8
2023-10-10,1,12,cloudy,0,0,19
2023-10-10,1,13,cloudy,0,0,27
2023-10-10,1,14,cloudy,0,0,17
2023-10-10,1,15,cloudy,0,0,10
2023-10-10,1,16,cloudy,0,0,7
2023-10-10,1,17,cloudy,0,0,13
2023-10-10,1,18,cloudy,0,0,26
2023-10-10,1,19,cloudy,0,0,46
2023-10-10,1,20,cloudy,0,0,36
2023-10-10,1,21,cloudy,0,0,21
2023-10-11,2,11,cloudy,0,0,9
2023-10-11,2,12,cloudy,0,0,20
2023-10-11,2,13,cloudy,0,0,22
2023-10-11,2,14,cloudy,0,0,18
2023-10-11,2,15,cloudy,0,0,13
2023-10-11,2,16,cloudy,0,0,4
2023-10-11,2,17,cloudy,0,0,11
2023-10-11,2,18,cloudy,0,0,32
2023-10-11,2,19,cloudy,0,0,40
2023-10-11,2,20,cloudy,0,0,34
2023-10-11,2,21,cloudy,0,0,16
2023-10-12,3,11,sunny,0,0,6
2023-10-12,3,12,sunny,0,0,28
2023-10-12,3,13,sunny,0,0,35
2023-10-12,3,14,sunny,0,0,20
2023-10-12,3,15,sunny,0,0,11
2023-10-12,3,16,sunny,0,0,7
2023-10-12,3,17,sunny,0,0,14
2023-10-12,3,18,sunny,0,0,38
2023-10-12,3,19,sunny,0,0,44
2023-10-12,3,20,sunny,0,0,46
2023-10-12,3,21,sunny,0,0,23
2023-10-13,4,11,cloudy,0,0,9
2023-10-13,4,12,cloudy,0,0,21
2023-10-13,4,13,cloudy,0,0,28
2023-10-13,4,14,cloudy,0,0,17
2023-10-13,4,15,cloudy,0,0,9
2023-10-13,4,16,cloudy,0,0,8
2023-10-13,4,17,cloudy,0,0,15
2023-10-13,4,18,cloudy,0,0,40
2023-10-13,4,19,cloudy,0,0,37
2023-10-13,4,20,cloudy,0,0,38
2023-10-13,4,21,cloudy,0,0,18
2023-10-14,5,11,sunny,0,0,14
2023-10-14,5,12,sunny,0,0,33
2023-10-14,5,13,sunny,0,0,50
2023-10-14,5,14,sunny,0,0,31
2023-10-14,5,15,sunny,0,0,20
2023-10-14,5,16,sunny,0,0,7
2023-10-14,5,17,sunny,0,0,22
2023-10-14,5,18,sunny,0,0,54
2023-10-14,5,19,sunny,0,0,56
2023-10-14,5,20,sunny,0,0,63
2023-10-14,5,21,sunny,0,0,33
2023-10-15,6,11,sunny,0,0,11
2023-10-15,6,12,sunny,0,0,40
2023-10-15,6,13,sunny,0,0,41
2023-10-15,6,14,sunny,0,0,29
2023-10-15,6,15,sunny,0,0,13
2023-10-15,6,16,sunny,0,0,8
2023-10-15,6,17,sunny,0,0,20
2023-10-15,6,18,sunny,0,0,37
2023-10-15,6,19,sunny,0,0,56
2023-10-15,6,20,sunny,0,0,52
2023-10-15,6,21,sunny,0,0,30
2023-10-16,0,11,stormy,0,0,4
2023-10-16,0,12,stormy,0,0,13
2023-10-16,0,13,stormy,0,0,13
2023-10-16,0,14,stormy,0,0,9
2023-10-16,0,15,stormy,0,0,6
2023-10-16,0,16,stormy,0,0,3
2023-10-16,0,17,stormy,0,0,5
2023-10-16,0,18,stormy,0,0,17
2023-10-16,0,19,stormy,0,0,16
2023-10-16,0,20,stormy,0,0,19
2023-10-16,0,21,stormy,0,0,13
2023-10-17,1,11,rainy,0,0,5
2023-10-17,1,12,rainy,0,0,14
2023-10-17,1,13,rainy,0,0,20
2023-10-17,1,14,rainy,0,0,15
2023-10-17,1,15,rainy,0,0,7
2023-10-17,1,16,rainy,0,0,4
2023-10-17,1,17,rainy,0,0,10
2023-10-17,1,18,rainy,0,0,25
2023-10-17,1,19,rainy,0,0,33
2023-10-17,1,20,rainy,0,0,26
2023-10-17,1,21,rainy,0,0,16
2023-10-18,2,11,stormy,0,0,4
2023-10-18,2,12,stormy,0,0,11
2023-10-18,2,13,stormy,0,0,13
2023-10-18,2,14,stormy,0,0,9
2023-10-18,2,15,stormy,0,0,4
2023-10-18,2,16,stormy,0,0,2
2023-10-18,2,17,stormy,0,0,6
2023-10-18,2,18,stormy,0,0,16
2023-10-18,2,19,stormy,0,0,24
2023-10-18,2,20,stormy,0,0,18
2023-10-18,2,21,stormy,0,0,11
2023-10-19,3,11,sunny,0,0,9
2023-10-19,3,12,sunny,0,0,25
2023-10-19,3,13,sunny,0,0,33
2023-10-19,3,14,sunny,0,0,20
2023-10-19,3,15,sunny,0,0,8
2023-10-19,3,16,sunny,0,0,7
2023-10-19,3,17,sunny,0,0,17
2023-10-19,3,18,sunny,0,0,33
2023-10-19,3,19,sunny,0,0,41
2023-10-19,3,20,sunny,0,0,42
2023-10-19,3,21,sunny,0,0,23
2023-10-20,4,11,sunny,0,0,11
2023-10-20,4,12,sunny,0,0,23
2023-10-20,4,13,sunny,0,0,38
2023-10-20,4,14,sunny,0,0,24
2023-10-20,4,15,sunny,0,0,12
2023-10-20,4,16,sunny,0,0,7
2023-10-20,4,17,sunny,0,0,17
2023-10-20,4,18,sunny,0,0,41
2023-10-20,4,19,sunny,0,0,43
2023-10-20,4,20,sunny,0,0,48
2023-10-20,4,21,sunny,0,0,25
2023-10-21,5,11,sunny,0,0,12
2023-10-21,5,12,sunny,0,0,40
2023-10-21,5,13,sunny,0,0,44
2023-10-21,5,14,sunny,0,0,25
2023-10-21,5,15,sunny,0,0,15
2023-10-21,5,16,sunny,0,0,9
2023-10-21,5,17,sunny,0,0,22
2023-10-21,5,18,sunny,0,0,51
2023-10-21,5,19,sunny,0,0,57
2023-10-21,5,20,sunny,0,0,73
2023-10-21,5,21,sunny,0,0,33
2023-10-22,6,11,cloudy,0,0,11
2023-10-22,6,12,cloudy,0,0,31
2023-10-22,6,13,cloudy,0,0,41
2023-10-22,6,14,cloudy,0,0,26
2023-10-22,6,15,cloudy,0,0,14
2023-10-22,6,16,cloudy,0,0,7
2023-10-22,6,17,cloudy,0,0,14
2023-10-22,6,18,cloudy,0,0,40
2023-10-22,6,19,cloudy,0,0,57
2023-10-22,6,20,cloudy,0,0,44
2023-10-22,6,21,cloudy,0,0,29
2023-10-23,0,11,sunny,0,0,10
2023-10-23,0,12,sunny,0,0,24
2023-10-23,0,13,sunny,0,0,33
2023-10-23,0,14,sunny,0,0,19
2023-10-23,0,15,sunny,0,0,13
2023-10-23,0,16,sunny,0,0,7
2023-10-23,0,17,sunny,0,0,13
2023-10-23,0,18,sunny,0,0,28
2023-10-23,0,19,sunny,0,0,38
2023-10-23,0,20,sunny,0,0,41
2023-10-23,0,21,sunny,0,0,17
2023-10-24,1,11,cloudy,0,0,11
2023-10-24,1,12,cloudy,0,0,28
2023-10-24,1,13,cloudy,0,0,27
2023-10-24,1,14,cloudy,0,0,17
2023-10-24,1,15,cloudy,0,0,11
2023-10-24,1,16,cloudy,0,0,7
2023-10-24,1,17,cloudy,0,0,9
2023-10-24,1,18,cloudy,0,0,23
2023-10-24,1,19,cloudy,0,0,37
2023-10-24,1,20,cloudy,0,0,37
2023-10-24,1,21,cloudy,0,0,21
2023-10-25,2,11,cloudy,0,0,9
2023-10-25,2,12,cloudy,0,0,24
2023-10-25,2,13,cloudy,0,0,25
2023-10-25,2,14,cloudy,0,0,13
2023-10-25,2,15,cloudy,0,0,10
2023-10-25,2,16,cloudy,0,0,6
2023-10-25,2,17,cloudy,0,0,11
2023-10-25,2,18,cloudy,0,0,28
2023-10-25,2,19,cloudy,0,0,39
2023-10-25,2,20,cloudy,0,0,33
2023-10-25,2,21,cloudy,0,0,16
2023-10-26,3,11,sunny,1,0,11
2023-10-26,3,12,sunny,1,0,36
2023-10-26,3,13,sunny,1,0,45
2023-10-26,3,14,sunny,1,0,28
2023-10-26,3,15,sunny,1,0,13
2023-10-26,3,16,sunny,1,0,9
2023-10-26,3,17,sunny,1,0,13
2023-10-26,3,18,sunny,1,0,47
2023-10-26,3,19,sunny,1,0,72
2023-10-26,3,20,sunny,1,0,44
2023-10-26,3,21,sunny,1,0,28
2023-10-27,4,11,sunny,0,0,10
2023-10-27,4,12,sunny,0,0,32
2023-10-27,4,13,sunny,0,0,33
2023-10-27,4,14,sunny,0,0,20
2023-10-27,4,15,sunny,0,0,9
2023-10-27,4,16,sunny,0,0,7
2023-10-27,4,17,sunny,0,0,18
2023-10-27,4,18,sunny,0,0,39
2023-10-27,4,19,sunny,0,0,50
2023-10-27,4,20,sunny,0,0,45
2023-10-27,4,21,sunny,0,0,25
2023-10-28,5,11,rainy,0,0,9
2023-10-28,5,12,rainy,0,0,24
2023-10-28,5,13,rainy,0,0,27
2023-10-28,5,14,rainy,0,0,23
2023-10-28,5,15,rainy,0,0,12
2023-10-28,5,16,rainy,0,0,6
2023-10-28,5,17,rainy,0,0,15
2023-10-28,5,18,rainy,0,0,31
2023-10-28,5,19,rainy,0,0,40
2023-10-28,5,20,rainy,0,0,35
2023-10-28,5,21,rainy,0,0,17
2023-10-29,6,11,cloudy,0,0,10
2023-10-29,6,12,cloudy,0,0,21
2023-10-29,6,13,cloudy,0,0,36
2023-10-29,6,14,cloudy,0,0,22
2023-10-29,6,15,cloudy,0,0,12
2023-10-29,6,16,cloudy,0,0,6
2023-10-29,6,17,cloudy,0,0,13
2023-10-29,6,18,cloudy,0,0,41
2023-10-29,6,19,cloudy,0,0,48
2023-10-29,6,20,cloudy,0,0,47
2023-10-29,6,21,cloudy,0,0,23
2023-10-30,0,11,sunny,1,0,12
2023-10-30,0,12,sunny,1,0,39
2023-10-30,0,13,sunny,1,0,46
2023-10-30,0,14,sunny,1,0,26
2023-10-30,0,15,sunny,1,0,16
2023-10-30,0,16,sunny,1,0,9
2023-10-30,0,17,sunny,1,0,18
2023-10-30,0,18,sunny,1,0,44
2023-10-30,0,19,sunny,1,0,60
2023-10-30,0,20,sunny,1,0,55
2023-10-30,0,21,sunny,1,0,27
2023-10-31,1,11,sunny,0,0,8
2023-10-31,1,12,sunny,0,0,21
2023-10-31,1,13,sunny,0,0,32
2023-10-31,1,14,sunny,0,0,18
2023-10-31,1,15,sunny,0,0,12
2023-10-31,1,16,sunny,0,0,6
2023-10-31,1,17,sunny,0,0,10
2023-10-31,1,18,sunny,0,0,37
2023-10-31,1,19,sunny,0,0,50
2023-10-31,1,20,sunny,0,0,35
2023-10-31,1,21,sunny,0,0,24
2023-11-01,2,11,cloudy,1,0,9
2023-11-01,2,12,cloudy,1,0,23
2023-11-01,2,13,cloudy,1,0,36
2023-11-01,2,14,cloudy,1,0,23
2023-11-01,2,15,cloudy,1,0,12
2023-11-01,2,16,cloudy,1,0,6
2023-11-01,2,17,cloudy,1,0,15
2023-11-01,2,18,cloudy,1,0,41
2023-11-01,2,19,cloudy,1,0,53
2023-11-01,2,20,cloudy,1,0,48
2023-11-01,2,21,cloudy,1,0,24
2023-11-02,3,11,cloudy,0,0,9
2023-11-02,3,12,cloudy,0,0,25
2023-11-02,3,13,cloudy,0,0,29
2023-11-02,3,14,cloudy,0,0,17
2023-11-02,3,15,cloudy,0,0,9
2023-11-02,3,16,cloudy,0,0,6
2023-11-02,3,17,cloudy,0,0,9
2023-11-02,3,18,cloudy,0,0,26
2023-11-02,3,19,cloudy,0,0,38
2023-11-02,3,20,cloudy,0,0,40
2023-11-02,3,21,cloudy,0,0,20
2023-11-03,4,11,sunny,0,0,9
2023-11-03,4,12,sunny,0,0,25
2023-11-03,4,13,sunny,0,0,39
2023-11-03,4,14,sunny,0,0,19
2023-11-03,4,15,sunny,0,0,15
2023-11-03,4,16,sunny,0,0,8
2023-11-03,4,17,sunny,0,0,17
2023-11-03,4,18,sunny,0,0,35
2023-11-03,4,19,sunny,0,0,49
2023-11-03,4,20,sunny,0,0,36
2023-11-03,4,21,sunny,0,0,23
2023-11-04,5,11,sunny,0,0,13
2023-11-04,5,12,sunny,0,0,40
2023-11-04,5,13,sunny,0,0,39
2023-11-04,5,14,sunny,0,0,27
2023-11-04,5,15,sunny,0,0,15
2023-11-04,5,16,sunny,0,0,8
2023-11-04,5,17,sunny,0,0,20
2023-11-04,5,18,sunny,0,0,44
2023-11-04,5,19,sunny,0,0,62
2023-11-04,5,20,sunny,0,0,53
2023-11-04,5,21,sunny,0,0,29
2023-11-05,6,11,sunny,0,0,11
2023-11-05,6,12,sunny,0,0,32
2023-11-05,6,13,sunny,0,0,39
2023-11-05,6,14,sunny,0,0,24
2023-11-05,6,15,sunny,0,0,15
2023-11-05,6,16,sunny,0,0,10
2023-11-05,6,17,sunny,0,0,18
2023-11-05,6,18,sunny,0,0,50
2023-11-05,6,19,sunny,0,0,49
2023-11-05,6,20,sunny,0,0,53
2023-11-05,6,21,sunny,0,0,25
2023-11-06,0,11,rainy,0,0,5
2023-11-06,0,12,rainy,0,0,19
2023-11-06,0,13,rainy,0,0,23
2023-11-06,0,14,rainy,0,0,11
2023-11-06,0,15,rainy,0,0,7
2023-11-06,0,16,rainy,0,0,4
2023-11-06,0,17,rainy,0,0,9
2023-11-06,0,18,rainy,0,0,18
2023-11-06,0,19,rainy,0,0,28
2023-11-06,0,20,rainy,0,0,27
2023-11-06,0,21,rainy,0,0,17
2023-11-07,1,11,cloudy,0,0,8
2023-11-07,1,12,cloudy,0,0,24
2023-11-07,1,13,cloudy,0,0,30
2023-11-07,1,14,cloudy,0,0,19
2023-11-07,1,15,cloudy,0,0,9
2023-11-07,1,16,cloudy,0,0,4
2023-11-07,1,17,cloudy,0,0,11
2023-11-07,1,18,cloudy,0,0,33
2023-11-07,1,19,cloudy,0,0,46
2023-11-07,1,20,cloudy,0,0,37
2023-11-07,1,21,cloudy,0,0,21
2023-11-08,2,11,sunny,1,0,12
2023-11-08,2,12,sunny,1,0,40
2023-11-08,2,13,sunny,1,0,38
2023-11-08,2,14,sunny,1,0,33
2023-11-08,2,15,sunny,1,0,14
2023-11-08,2,16,sunny,1,0,10
2023-11-08,2,17,sunny,1,0,15
2023-11-08,2,18,sunny,1,0,49
2023-11-08,2,19,sunny,1,0,56
2023-11-08,2,20,sunny,1,0,45
2023-11-08,2,21,sunny,1,0,31
2023-11-09,3,11,sunny,0,0,7
2023-11-09,3,12,sunny,0,0,25
2023-11-09,3,13,sunny,0,0,31
2023-11-09,3,14,sunny,0,0,22
2023-11-09,3,15,sunny,0,0,12
2023-11-09,3,16,sunny,0,0,6
2023-11-09,3,17,sunny,0,0,16
2023-11-09,3,18,sunny,0,0,35
2023-11-09,3,19,sunny,0,0,44
2023-11-09,3,20,sunny,0,0,32
2023-11-09,3,21,sunny,0,0,22
2023-11-10,4,11,sunny,1,0,13
2023-11-10,4,12,sunny,1,0,41
2023-11-10,4,13,sunny,1,0,50
2023-11-10,4,14,sunny,1,0,26
2023-11-10,4,15,sunny,1,0,17
2023-11-10,4,16,sunny,1,0,11
2023-11-10,4,17,sunny,1,0,24
2023-11-10,4,18,sunny,1,0,56
2023-11-10,4,19,sunny,1,0,74
2023-11-10,4,20,sunny,1,0,60
2023-11-10,4,21,sunny,1,0,35
2023-11-11,5,11,sunny,0,0,12
2023-11-11,5,12,sunny,0,0,32
2023-11-11,5,13,sunny,0,0,47
2023-11-11,5,14,sunny,0,0,33
2023-11-11,5,15,sunny,0,0,14
2023-11-11,5,16,sunny,0,0,6
2023-11-11,5,17,sunny,0,0,18
2023-11-11,5,18,sunny,0,0,53
2023-11-11,5,19,sunny,0,0,68
2023-11-11,5,20,sunny,0,0,59
2023-11-11,5,21,sunny,0,0,31
2023-11-12,6,11,sunny,0,0,10
2023-11-12,6,12,sunny,0,0,41
2023-11-12,6,13,sunny,0,0,44
2023-11-12,6,14,sunny,0,0,25
2023-11-12,6,15,sunny,0,0,13
2023-11-12,6,16,sunny,0,0,8
2023-11-12,6,17,sunny,0,0,17
2023-11-12,6,18,sunny,0,0,50
2023-11-12,6,19,sunny,0,0,61
2023-11-12,6,20,sunny,0,0,47
2023-11-12,6,21,sunny,0,0,36
2023-11-13,0,11,stormy,0,0,4
2023-11-13,0,12,stormy,0,0,13
2023-11-13,0,13,stormy,0,0,14
2023-11-13,0,14,stormy,0,0,10
2023-11-13,0,15,stormy,0,0,5
2023-11-13,0,16,stormy,0,0,2
2023-11-13,0,17,stormy,0,0,8
2023-11-13,0,18,stormy,0,0,19
2023-11-13,0,19,stormy,0,0,20
2023-11-13,0,20,stormy,0,0,16
2023-11-13,0,21,stormy,0,0,11
2023-11-14,1,11,rainy,0,0,6
2023-11-14,1,12,rainy,0,0,18
2023-11-14,1,13,rainy,0,0,26
2023-11-14,1,14,rainy,0,0,15
2023-11-14,1,15,rainy,0,0,6
2023-11-14,1,16,rainy,0,0,5
2023-11-14,1,17,rainy,0,0,11
2023-11-14,1,18,rainy,0,0,33
2023-11-14,1,19,rainy,0,0,27
2023-11-14,1,20,rainy,0,0,28
2023-11-14,1,21,rainy,0,0,12
2023-11-15,2,11,sunny,0,0,11
2023-11-15,2,12,sunny,0,0,22
2023-11-15,2,13,sunny,0,0,25
2023-11-15,2,14,sunny,0,0,19
2023-11-15,2,15,sunny,0,0,8
2023-11-15,2,16,sunny,0,0,7
2023-11-15,2,17,sunny,0,0,10
2023-11-15,2,18,sunny,0,0,34
2023-11-15,2,19,sunny,0,0,34
2023-11-15,2,20,sunny,0,0,38
2023-11-15,2,21,sunny,0,0,27
2023-11-16,3,11,cloudy,1,0,11
2023-11-16,3,12,cloudy,1,0,29
2023-11-16,3,13,cloudy,1,0,39
2023-11-16,3,14,cloudy,1,0,20
2023-11-16,3,15,cloudy,1,0,14
2023-11-16,3,16,cloudy,1,0,5
2023-11-16,3,17,cloudy,1,0,14
2023-11-16,3,18,cloudy,1,0,38
2023-11-16,3,19,cloudy,1,0,58
2023-11-16,3,20,cloudy,1,0,47
2023-11-16,3,21,cloudy,1,0,22
2023-11-17,4,11,rainy,1,0,8
2023-11-17,4,12,rainy,1,0,26
2023-11-17,4,13,rainy,1,0,32
2023-11-17,4,14,rainy,1,0,19
2023-11-17,4,15,rainy,1,0,11
2023-11-17,4,16,rainy,1,0,7
2023-11-17,4,17,rainy,1,0,13
2023-11-17,4,18,rainy,1,0,35
2023-11-17,4,19,rainy,1,0,59
2023-11-17,4,20,rainy,1,0,34
2023-11-17,4,21,rainy,1,0,18
2023-11-18,5,11,sunny,0,0,14
2023-11-18,5,12,sunny,0,0,32
2023-11-18,5,13,sunny,0,0,43
2023-11-18,5,14,sunny,0,0,34
2023-11-18,5,15,sunny,0,0,17
2023-11-18,5,16,sunny,0,0,10
2023-11-18,5,17,sunny,0,0,16
2023-11-18,5,18,sunny,0,0,41
2023-11-18,5,19,sunny,0,0,42
2023-11-18,5,20,sunny,0,0,50
2023-11-18,5,21,sunny,0,0,35
2023-11-19,6,11,sunny,0,0,11
2023-11-19,6,12,sunny,0,0,30
2023-11-19,6,13,sunny,0,0,42
2023-11-19,6,14,sunny,0,0,29
2023-11-19,6,15,sunny,0,0,12
2023-11-19,6,16,sunny,0,0,9
2023-11-19,6,17,sunny,0,0,19
2023-11-19,6,18,sunny,0,0,42
2023-11-19,6,19,sunny,0,0,64
2023-11-19,6,20,sunny,0,0,69
2023-11-19,6,21,sunny,0,0,29
2023-11-20,0,11,cloudy,1,0,11
2023-11-20,0,12,cloudy,1,0,31
2023-11-20,0,13,cloudy,1,0,38
2023-11-20,0,14,cloudy,1,0,21
2023-11-20,0,15,cloudy,1,0,13
2023-11-20,0,16,cloudy,1,0,9
2023-11-20,0,17,cloudy,1,0,17
2023-11-20,0,18,cloudy,1,0,45
2023-11-20,0,19,cloudy,1,0,52
2023-11-20,0,20,cloudy,1,0,51
2023-11-20,0,21,cloudy,1,0,27
2023-11-21,1,11,cloudy,0,0,7
2023-11-21,1,12,cloudy,0,0,20
2023-11-21,1,13,cloudy,0,0,28
2023-11-21,1,14,cloudy,0,0,18
2023-11-21,1,15,cloudy,0,0,8
2023-11-21,1,16,cloudy,0,0,6
2023-11-21,1,17,cloudy,0,0,12
2023-11-21,1,18,cloudy,0,0,27
2023-11-21,1,19,cloudy,0,0,32
2023-11-21,1,20,cloudy,0,0,34
2023-11-21,1,21,cloudy,0,0,18
2023-11-22,2,11,sunny,0,0,9
2023-11-22,2,12,sunny,0,0,24
2023-11-22,2,13,sunny,0,0,31
2023-11-22,2,14,sunny,0,0,22
2023-11-22,2,15,sunny,0,0,10
2023-11-22,2,16,sunny,0,0,8
2023-11-22,2,17,sunny,0,0,10
2023-11-22,2,18,sunny,0,0,39
2023-11-22,2,19,sunny,0,0,44
2023-11-22,2,20,sunny,0,0,44
2023-11-22,2,21,sunny,0,0,23
2023-11-23,3,11,sunny,0,1,11
2023-11-23,3,12,sunny,0,1,44
2023-11-23,3,13,sunny,0,1,47
2023-11-23,3,14,sunny,0,1,31
2023-11-23,3,15,sunny,0,1,19
2023-11-23,3,16,sunny,0,1,9
2023-11-23,3,17,sunny,0,1,22
2023-11-23,3,18,sunny,0,1,48
2023-11-23,3,19,sunny,0,1,67
2023-11-23,3,20,sunny,0,1,60
2023-11-23,3,21,sunny,0,1,28
2023-11-24,4,11,sunny,0,0,9
2023-11-24,4,12,sunny,0,0,32
2023-11-24,4,13,sunny,0,0,39
2023-11-24,4,14,sunny,0,0,22
2023-11-24,4,15,sunny,0,0,13
2023-11-24,4,16,sunny,0,0,7
2023-11-24,4,17,sunny,0,0,17
2023-11-24,4,18,sunny,0,0,37
2023-11-24,4,19,sunny,0,0,52
2023-11-24,4,20,sunny,0,0,50
2023-11-24,4,21,sunny,0,0,22
2023-11-25,5,11,sunny,0,0,15
2023-11-25,5,12,sunny,0,0,33
2023-11-25,5,13,sunny,0,0,43
2023-11-25,5,14,sunny,0,0,22
2023-11-25,5,15,sunny,0,0,15
2023-11-25,5,16,sunny,0,0,8
2023-11-25,5,17,sunny,0,0,17
2023-11-25,5,18,sunny,0,0,47
2023-11-25,5,19,sunny,0,0,71
2023-11-25,5,20,sunny,0,0,57
2023-11-25,5,21,sunny,0,0,33
2023-11-26,6,11,cloudy,0,0,9
2023-11-26,6,12,cloudy,0,0,26
2023-11-26,6,13,cloudy,0,0,43
2023-11-26,6,14,cloudy,0,0,22
2023-11-26,6,15,cloudy,0,0,13
2023-11-26,6,16,cloudy,0,0,8
2023-11-26,6,17,cloudy,0,0,17
2023-11-26,6,18,cloudy,0,0,38
2023-11-26,6,19,cloudy,0,0,49
2023-11-26,6,20,cloudy,0,0,45
2023-11-26,6,21,cloudy,0,0,27
2023-11-27,0,11,cloudy,0,0,8
2023-11-27,0,12,cloudy,0,0,26
2023-11-27,0,13,cloudy,0,0,29
2023-11-27,0,14,cloudy,0,0,18
2023-11-27,0,15,cloudy,0,0,8
2023-11-27,0,16,cloudy,0,0,4
2023-11-27,0,17,cloudy,0,0,12
2023-11-27,0,18,cloudy,0,0,29
2023-11-27,0,19,cloudy,0,0,37
2023-11-27,0,20,cloudy,0,0,36
2023-11-27,0,21,cloudy,0,0,19
2023-11-28,1,11,sunny,0,0,10
2023-11-28,1,12,sunny,0,0,28
2023-11-28,1,13,sunny,0,0,31
2023-11-28,1,14,sunny,0,0,22
2023-11-28,1,15,sunny,0,0,10
2023-11-28,1,16,sunny,0,0,6
2023-11-28,1,17,sunny,0,0,13
2023-11-28,1,18,sunny,0,0,34
2023-11-28,1,19,sunny,0,0,48
2023-11-28,1,20,sunny,0,0,38
2023-11-28,1,21,sunny,0,0,17
2023-11-29,2,11,rainy,0,0,6
2023-11-29,2,12,rainy,0,0,17
2023-11-29,2,13,rainy,0,0,25
2023-11-29,2,14,rainy,0,0,13
2023-11-29,2,15,rainy,0,0,6
2023-11-29,2,16,rainy,0,0,4
2023-11-29,2,17,rainy,0,0,9
2023-11-29,2,18,rainy,0,0,21
2023-11-29,2,19,rainy,0,0,31
2023-11-29,2,20,rainy,0,0,29
2023-11-29,2,21,rainy,0,0,15
2023-11-30,3,11,sunny,0,0,9
2023-11-30,3,12,sunny,0,0,30
2023-11-30,3,13,sunny,0,0,30
2023-11-30,3,14,sunny,0,0,21
2023-11-30,3,15,sunny,0,0,10
2023-11-30,3,16,sunny,0,0,6
2023-11-30,3,17,sunny,0,0,12
2023-11-30,3,18,sunny,0,0,32
2023-11-30,3,19,sunny,0,0,47
2023-11-30,3,20,sunny,0,0,51
2023-11-30,3,21,sunny,0,0,21
2023-12-01,4,11,cloudy,1,0,12
2023-12-01,4,12,cloudy,1,0,33
2023-12-01,4,13,cloudy,1,0,47
2023-12-01,4,14,cloudy,1,0,18
2023-12-01,4,15,cloudy,1,0,10
2023-12-01,4,16,cloudy,1,0,8
2023-12-01,4,17,cloudy,1,0,20
2023-12-01,4,18,cloudy,1,0,36
2023-12-01,4,19,cloudy,1,0,37
2023-12-01,4,20,cloudy,1,0,55
2023-12-01,4,21,cloudy,1,0,30
2023-12-02,5,11,sunny,0,0,11
2023-12-02,5,12,sunny,0,0,35
2023-12-02,5,13,sunny,0,0,41
2023-12-02,5,14,sunny,0,0,30
2023-12-02,5,15,sunny,0,0,10
2023-12-02,5,16,sunny,0,0,8
2023-12-02,5,17,sunny,0,0,16
2023-12-02,5,18,sunny,0,0,46
2023-12-02,5,19,sunny,0,0,60
2023-12-02,5,20,sunny,0,0,61
2023-12-02,5,21,sunny,0,0,25
2023-12-03,6,11,stormy,1,0,7
2023-12-03,6,12,stormy,1,0,22
2023-12-03,6,13,stormy,1,0,33
2023-12-03,6,14,stormy,1,0,16
2023-12-03,6,15,stormy,1,0,10
2023-12-03,6,16,stormy,1,0,4
2023-12-03,6,17,stormy,1,0,8
2023-12-03,6,18,stormy,1,0,31
2023-12-03,6,19,stormy,1,0,38
2023-12-03,6,20,stormy,1,0,38
2023-12-03,6,21,stormy,1,0,16
2023-12-04,0,11,cloudy,0,0,8
2023-12-04,0,12,cloudy,0,0,22
2023-12-04,0,13,cloudy,0,0,28
2023-12-04,0,14,cloudy,0,0,14
2023-12-04,0,15,cloudy,0,0,11
2023-12-04,0,16,cloudy,0,0,5
2023-12-04,0,17,cloudy,0,0,12
2023-12-04,0,18,cloudy,0,0,24
2023-12-04,0,19,cloudy,0,0,34
2023-12-04,0,20,cloudy,0,0,41
2023-12-04,0,21,cloudy,0,0,19
2023-12-05,1,11,cloudy,0,0,6
2023-12-05,1,12,cloudy,0,0,24
2023-12-05,1,13,cloudy,0,0,26
2023-12-05,1,14,cloudy,0,0,19
2023-12-05,1,15,cloudy,0,0,10
2023-12-05,1,16,cloudy,0,0,4
2023-12-05,1,17,cloudy,0,0,12
2023-12-05,1,18,cloudy,0,0,37
2023-12-05,1,19,cloudy,0,0,42
2023-12-05,1,20,cloudy,0,0,34
2023-12-05,1,21,cloudy,0,0,22
2023-12-06,2,11,sunny,0,0,9
2023-12-06,2,12,sunny,0,0,26
2023-12-06,2,13,sunny,0,0,36
2023-12-06,2,14,sunny,0,0,18
2023-12-06,2,15,sunny,0,0,13
2023-12-06,2,16,sunny,0,0,6
2023-12-06,2,17,sunny,0,0,12
2023-12-06,2,18,sunny,0,0,38
2023-12-06,2,19,sunny,0,0,44
2023-12-06,2,20,sunny,0,0,43
2023-12-06,2,21,sunny,0,0,22
2023-12-07,3,11,stormy,0,0,4
2023-12-07,3,12,stormy,0,0,9
2023-12-07,3,13,stormy,0,0,13
2023-12-07,3,14,stormy,0,0,11
2023-12-07,3,15,stormy,0,0,5
2023-12-07,3,16,stormy,0,0,3
2023-12-07,3,17,stormy,0,0,5
2023-12-07,3,18,stormy,0,0,14
2023-12-07,3,19,stormy,0,0,16
2023-12-07,3,20,stormy,0,0,19
2023-12-07,3,21,stormy,0,0,10
2023-12-08,4,11,stormy,0,0,4
2023-12-08,4,12,stormy,0,0,16
2023-12-08,4,13,stormy,0,0,13
2023-12-08,4,14,stormy,0,0,12
2023-12-08,4,15,stormy,0,0,6
2023-12-08,4,16,stormy,0,0,3
2023-12-08,4,17,stormy,0,0,7
2023-12-08,4,18,stormy,0,0,17
2023-12-08,4,19,stormy,0,0,24
2023-12-08,4,20,stormy,0,0,25
2023-12-08,4,21,stormy,0,0,12
2023-12-09,5,11,sunny,0,0,10
2023-12-09,5,12,sunny,0,0,34
2023-12-09,5,13,sunny,0,0,51
2023-12-09,5,14,sunny,0,0,23
2023-12-09,5,15,sunny,0,0,14
2023-12-09,5,16,sunny,0,0,9
2023-12-09,5,17,sunny,0,0,17
2023-12-09,5,18,sunny,0,0,43
2023-12-09,5,19,sunny,0,0,61
2023-12-09,5,20,sunny,0,0,47
2023-12-09,5,21,sunny,0,0,28
2023-12-10,6,11,sunny,0,0,12
2023-12-10,6,12,sunny,0,0,30
2023-12-10,6,13,sunny,0,0,45
2023-12-10,6,14,sunny,0,0,26
2023-12-10,6,15,sunny,0,0,14
2023-12-10,6,16,sunny,0,0,9
2023-12-10,6,17,sunny,0,0,14
2023-12-10,6,18,sunny,0,0,47
2023-12-10,6,19,sunny,0,0,62
2023-12-10,6,20,sunny,0,0,49
2023-12-10,6,21,sunny,0,0,33
2023-12-11,0,11,cloudy,0,0,8
2023-12-11,0,12,cloudy,0,0,21
2023-12-11,0,13,cloudy,0,0,27
2023-12-11,0,14,cloudy,0,0,17
2023-12-11,0,15,cloudy,0,0,11
2023-12-11,0,16,cloudy,0,0,5
2023-12-11,0,17,cloudy,0,0,10
2023-12-11,0,18,cloudy,0,0,33
2023-12-11,0,19,cloudy,0,0,37
2023-12-11,0,20,cloudy,0,0,38
2023-12-11,0,21,cloudy,0,0,24
2023-12-12,1,11,cloudy,0,0,7
2023-12-12,1,12,cloudy,0,0,23
2023-12-12,1,13,cloudy,0,0,24
2023-12-12,1,14,cloudy,0,0,19
2023-12-12,1,15,cloudy,0,0,10
2023-12-12,1,16,cloudy,0,0,6
2023-12-12,1,17,cloudy,0,0,11
2023-12-12,1,18,cloudy,0,0,24
2023-12-12,1,19,cloudy,0,0,42
2023-12-12,1,20,cloudy,0,0,26
2023-12-12,1,21,cloudy,0,0,19
2023-12-13,2,11,cloudy,0,0,9
2023-12-13,2,12,cloudy,0,0,24
2023-12-13,2,13,cloudy,0,0,25
2023-12-13,2,14,cloudy,0,0,18
2023-12-13,2,15,cloudy,0,0,9
2023-12-13,2,16,cloudy,0,0,4
2023-12-13,2,17,cloudy,0,0,10
2023-12-13,2,18,cloudy,0,0,27
2023-12-13,2,19,cloudy,0,0,30
2023-12-13,2,20,cloudy,0,0,35
2023-12-13,2,21,cloudy,0,0,19
2023-12-14,3,11,sunny,0,0,7
2023-12-14,3,12,sunny,0,0,26
2023-12-14,3,13,sunny,0,0,34
2023-12-14,3,14,sunny,0,0,21
2023-12-14,3,15,sunny,0,0,11
2023-12-14,3,16,sunny,0,0,7
2023-12-14,3,17,sunny,0,0,14
2023-12-14,3,18,sunny,0,0,35
2023-12-14,3,19,sunny,0,0,41
2023-12-14,3,20,sunny,0,0,41
2023-12-14,3,21,sunny,0,0,26
2023-12-15,4,11,cloudy,0,0,8
2023-12-15,4,12,cloudy,0,0,24
2023-12-15,4,13,cloudy,0,0,28
2023-12-15,4,14,cloudy,0,0,20
2023-12-15,4,15,cloudy,0,0,8
2023-12-15,4,16,cloudy,0,0,6
2023-12-15,4,17,cloudy,0,0,11
2023-12-15,4,18,cloudy,0,0,33
2023-12-15,4,19,cloudy,0,0,49
2023-12-15,4,20,cloudy,0,0,41
2023-12-15,4,21,cloudy,0,0,15
2023-12-16,5,11,sunny,0,0,16
2023-12-16,5,12,sunny,0,0,36
2023-12-16,5,13,sunny,0,0,46
2023-12-16,5,14,sunny,0,0,26
2023-12-16,5,15,sunny,0,0,16
2023-12-16,5,16,sunny,0,0,8
2023-12-16,5,17,sunny,0,0,18
2023-12-16,5,18,sunny,0,0,44
2023-12-16,5,19,sunny,0,0,53
2023-12-16,5,20,sunny,0,0,57
2023-12-16,5,21,sunny,0,0,34
2023-12-17,6,11,rainy,0,0,8
2023-12-17,6,12,rainy,0,0,21
2023-12-17,6,13,rainy,0,0,32
2023-12-17,6,14,rainy,0,0,15
2023-12-17,6,15,rainy,0,0,9
2023-12-17,6,16,rainy,0,0,5
2023-12-17,6,17,rainy,0,0,14
2023-12-17,6,18,rainy,0,0,34
2023-12-17,6,19,rainy,0,0,44
2023-12-17,6,20,rainy,0,0,41
2023-12-17,6,21,rainy,0,0,18
2023-12-18,0,11,cloudy,0,0,8
2023-12-18,0,12,cloudy,0,0,21
2023-12-18,0,13,cloudy,0,0,30
2023-12-18,0,14,cloudy,0,0,17
2023-12-18,0,15,cloudy,0,0,9
2023-12-18,0,16,cloudy,0,0,6
2023-12-18,0,17,cloudy,0,0,13
2023-12-18,0,18,cloudy,0,0,27
2023-12-18,0,19,cloudy,0,0,39
2023-12-18,0,20,cloudy,0,0,30
2023-12-18,0,21,cloudy,0,0,14
2023-12-19,1,11,stormy,0,0,4
2023-12-19,1,12,stormy,0,0,9
2023-12-19,1,13,stormy,0,0,14
2023-12-19,1,14,stormy,0,0,7
2023-12-19,1,15,stormy,0,0,6
2023-12-19,1,16,stormy,0,0,2
2023-12-19,1,17,stormy,0,0,7
2023-12-19,1,18,stormy,0,0,18
2023-12-19,1,19,stormy,0,0,19
2023-12-19,1,20,stormy,0,0,16
2023-12-19,1,21,stormy,0,0,11
2023-12-20,2,11,sunny,0,0,8
2023-12-20,2,12,sunny,0,0,19
2023-12-20,2,13,sunny,0,0,23
2023-12-20,2,14,sunny,0,0,21
2023-12-20,2,15,sunny,0,0,10
2023-12-20,2,16,sunny,0,0,6
2023-12-20,2,17,sunny,0,0,14
2023-12-20,2,18,sunny,0,0,39
2023-12-20,2,19,sunny,0,0,44
2023-12-20,2,20,sunny,0,0,38
2023-12-20,2,21,sunny,0,0,24
2023-12-21,3,11,cloudy,0,0,8
2023-12-21,3,12,cloudy,0,0,23
2023-12-21,3,13,cloudy,0,0,21
2023-12-21,3,14,cloudy,0,0,16
2023-12-21,3,15,cloudy,0,0,8
2023-12-21,3,16,cloudy,0,0,6
2023-12-21,3,17,cloudy,0,0,12
2023-12-21,3,18,cloudy,0,0,35
2023-12-21,3,19,cloudy,0,0,37
2023-12-21,3,20,cloudy,0,0,32
2023-12-21,3,21,cloudy,0,0,22
2023-12-22,4,11,sunny,1,0,14
2023-12-22,4,12,sunny,1,0,43
2023-12-22,4,13,sunny,1,0,49
2023-12-22,4,14,sunny,1,0,26
2023-12-22,4,15,sunny,1,0,14
2023-12-22,4,16,sunny,1,0,8
2023-12-22,4,17,sunny,1,0,22
2023-12-22,4,18,sunny,1,0,58
2023-12-22,4,19,sunny,1,0,83
2023-12-22,4,20,sunny,1,0,65
2023-12-22,4,21,sunny,1,0,38
2023-12-23,5,11,sunny,0,0,14
2023-12-23,5,12,sunny,0,0,37
2023-12-23,5,13,sunny,0,0,45
2023-12-23,5,14,sunny,0,0,30
2023-12-23,5,15,sunny,0,0,16
2023-12-23,5,16,sunny,0,0,11
2023-12-23,5,17,sunny,0,0,22
2023-12-23,5,18,sunny,0,0,51
2023-12-23,5,19,sunny,0,0,70
2023-12-23,5,20,sunny,0,0,59
2023-12-23,5,21,sunny,0,0,30
2023-12-24,6,11,cloudy,0,0,11
2023-12-24,6,12,cloudy,0,0,24
2023-12-24,6,13,cloudy,0,0,37
2023-12-24,6,14,cloudy,0,0,21
2023-12-24,6,15,cloudy,0,0,13
2023-12-24,6,16,cloudy,0,0,7
2023-12-24,6,17,cloudy,0,0,12
2023-12-24,6,18,cloudy,0,0,40
2023-12-24,6,19,cloudy,0,0,48
2023-12-24,6,20,cloudy,0,0,50
2023-12-24,6,21,cloudy,0,0,26
2023-12-25,0,11,sunny,0,1,12
2023-12-25,0,12,sunny,0,1,35
2023-12-25,0,13,sunny,0,1,53
2023-12-25,0,14,sunny,0,1,37
2023-12-25,0,15,sunny,0,1,15
2023-12-25,0,16,sunny,0,1,11
2023-12-25,0,17,sunny,0,1,15
2023-12-25,0,18,sunny,0,1,44
2023-12-25,0,19,sunny,0,1,61
2023-12-25,0,20,sunny,0,1,50
2023-12-25,0,21,sunny,0,1,27
2023-12-26,1,11,stormy,0,1,6
2023-12-26,1,12,stormy,0,1,19
2023-12-26,1,13,stormy,0,1,23
2023-12-26,1,14,stormy,0,1,16
2023-12-26,1,15,stormy,0,1,8
2023-12-26,1,16,stormy,0,1,4
2023-12-26,1,17,stormy,0,1,11
2023-12-26,1,18,stormy,0,1,23
2023-12-26,1,19,stormy,0,1,29
2023-12-26,1,20,stormy,0,1,28
2023-12-26,1,21,stormy,0,1,14
2023-12-27,2,11,rainy,0,0,6
2023-12-27,2,12,rainy,0,0,15
2023-12-27,2,13,rainy,0,0,21
2023-12-27,2,14,rainy,0,0,16
2023-12-27,2,15,rainy,0,0,8
2023-12-27,2,16,rainy,0,0,5
2023-12-27,2,17,rainy,0,0,10
2023-12-27,2,18,rainy,0,0,27
2023-12-27,2,19,rainy,0,0,26
2023-12-27,2,20,rainy,0,0,30
2023-12-27,2,21,rainy,0,0,15
2023-12-28,3,11,rainy,0,0,5
2023-12-28,3,12,rainy,0,0,18
2023-12-28,3,13,rainy,0,0,20
2023-12-28,3,14,rainy,0,0,15
2023-12-28,3,15,rainy,0,0,7
2023-12-28,3,16,rainy,0,0,4
2023-12-28,3,17,rainy,0,0,9
2023-12-28,3,18,rainy,0,0,23
2023-12-28,3,19,rainy,0,0,34
2023-12-28,3,20,rainy,0,0,24
2023-12-28,3,21,rainy,0,0,19
2023-12-29,4,11,cloudy,0,0,9
2023-12-29,4,12,cloudy,0,0,25
2023-12-29,4,13,cloudy,0,0,30
2023-12-29,4,14,cloudy,0,0,19
2023-12-29,4,15,cloudy,0,0,11
2023-12-29,4,16,cloudy,0,0,6
2023-12-29,4,17,cloudy,0,0,15
2023-12-29,4,18,cloudy,0,0,36
2023-12-29,4,19,cloudy,0,0,48
2023-12-29,4,20,cloudy,0,0,34
2023-12-29,4,21,cloudy,0,0,21
2023-12-30,5,11,cloudy,0,0,10
2023-12-30,5,12,cloudy,0,0,28
2023-12-30,5,13,cloudy,0,0,42
2023-12-30,5,14,cloudy,0,0,21
2023-12-30,5,15,cloudy,0,0,16
2023-12-30,5,16,cloudy,0,0,7
2023-12-30,5,17,cloudy,0,0,17
2023-12-30,5,18,cloudy,0,0,45
2023-12-30,5,19,cloudy,0,0,52
2023-12-30,5,20,cloudy,0,0,54
2023-12-30,5,21,cloudy,0,0,23
2023-12-31,6,11,stormy,0,0,6
2023-12-31,6,12,stormy,0,0,15
2023-12-31,6,13,stormy,0,0,18
2023-12-31,6,14,stormy,0,0,12
2023-12-31,6,15,stormy,0,0,7
2023-12-31,6,16,stormy,0,0,3
2023-12-31,6,17,stormy,0,0,7
2023-12-31,6,18,stormy,0,0,20
2023-12-31,6,19,stormy,0,0,24
2023-12-31,6,20,stormy,0,0,30
2023-12-31,6,21,stormy,0,0,13
2024-01-01,0,11,sunny,1,1,20
2024-01-01,0,12,sunny,1,1,52
2024-01-01,0,13,sunny,1,1,57
2024-01-01,0,14,sunny,1,1,41
2024-01-01,0,15,sunny,1,1,25
2024-01-01,0,16,sunny,1,1,13
2024-01-01,0,17,sunny,1,1,31
2024-01-01,0,18,sunny,1,1,78
2024-01-01,0,19,sunny,1,1,103
2024-01-01,0,20,sunny,1,1,77
2024-01-01,0,21,sunny,1,1,40
2024-01-02,1,11,cloudy,1,0,11
2024-01-02,1,12,cloudy,1,0,21
2024-01-02,1,13,cloudy,1,0,37
2024-01-02,1,14,cloudy,1,0,24
2024-01-02,1,15,cloudy,1,0,13
2024-01-02,1,16,cloudy,1,0,9
2024-01-02,1,17,cloudy,1,0,17
2024-01-02,1,18,cloudy,1,0,46
2024-01-02,1,19,cloudy,1,0,52
2024-01-02,1,20,cloudy,1,0,52
2024-01-02,1,21,cloudy,1,0,32
2024-01-03,2,11,cloudy,0,0,9
2024-01-03,2,12,cloudy,0,0,21
2024-01-03,2,13,cloudy,0,0,29
2024-01-03,2,14,cloudy,0,0,19
2024-01-03,2,15,cloudy,0,0,8
2024-01-03,2,16,cloudy,0,0,6
2024-01-03,2,17,cloudy,0,0,9
2024-01-03,2,18,cloudy,0,0,35
2024-01-03,2,19,cloudy,0,0,37
2024-01-03,2,20,cloudy,0,0,35
2024-01-03,2,21,cloudy,0,0,19
2024-01-04,3,11,cloudy,0,0,7
2024-01-04,3,12,cloudy,0,0,21
2024-01-04,3,13,cloudy,0,0,26
2024-01-04,3,14,cloudy,0,0,21
2024-01-04,3,15,cloudy,0,0,8
2024-01-04,3,16,cloudy,0,0,6
2024-01-04,3,17,cloudy,0,0,12
2024-01-04,3,18,cloudy,0,0,34
2024-01-04,3,19,cloudy,0,0,36
2024-01-04,3,20,cloudy,0,0,31
2024-01-04,3,21,cloudy,0,0,22
2024-01-05,4,11,cloudy,0,0,9
2024-01-05,4,12,cloudy,0,0,25
2024-01-05,4,13,cloudy,0,0,33
2024-01-05,4,14,cloudy,0,0,18
2024-01-05,4,15,cloudy,0,0,7
2024-01-05,4,16,cloudy,0,0,7
2024-01-05,4,17,cloudy,0,0,11
2024-01-05,4,18,cloudy,0,0,25
2024-01-05,4,19,cloudy,0,0,29
2024-01-05,4,20,cloudy,0,0,42
2024-01-05,4,21,cloudy,0,0,22
2024-01-06,5,11,rainy,0,0,9
2024-01-06,5,12,rainy,0,0,29
2024-01-06,5,13,rainy,0,0,26
2024-01-06,5,14,rainy,0,0,20
2024-01-06,5,15,rainy,0,0,9
2024-01-06,5,16,rainy,0,0,6
2024-01-06,5,17,rainy,0,0,13
2024-01-06,5,18,rainy,0,0,36
2024-01-06,5,19,rainy,0,0,45
2024-01-06,5,20,rainy,0,0,42
2024-01-06,5,21,rainy,0,0,24
2024-01-07,6,11,sunny,0,0,15
2024-01-07,6,12,sunny,0,0,33
2024-01-07,6,13,sunny,0,0,37
2024-01-07,6,14,sunny,0,0,31
2024-01-07,6,15,sunny,0,0,14
2024-01-07,6,16,sunny,0,0,8
2024-01-07,6,17,sunny,0,0,16
2024-01-07,6,18,sunny,0,0,48
2024-01-07,6,19,sunny,0,0,58
2024-01-07,6,20,sunny,0,0,48
2024-01-07,6,21,sunny,0,0,35
2024-01-08,0,11,cloudy,1,0,11
2024-01-08,0,12,cloudy,1,0,23
2024-01-08,0,13,cloudy,1,0,39
2024-01-08,0,14,cloudy,1,0,21
2024-01-08,0,15,cloudy,1,0,14
2024-01-08,0,16,cloudy,1,0,7
2024-01-08,0,17,cloudy,1,0,17
2024-01-08,0,18,cloudy,1,0,45
2024-01-08,0,19,cloudy,1,0,59
2024-01-08,0,20,cloudy,1,0,48
2024-01-08,0,21,cloudy,1,0,26
2024-01-09,1,11,sunny,0,0,8
2024-01-09,1,12,sunny,0,0,29
2024-01-09,1,13,sunny,0,0,29
2024-01-09,1,14,sunny,0,0,18
2024-01-09,1,15,sunny,0,0,12
2024-01-09,1,16,sunny,0,0,6
2024-01-09,1,17,sunny,0,0,12
2024-01-09,1,18,sunny,0,0,28
2024-01-09,1,19,sunny,0,0,43
2024-01-09,1,20,sunny,0,0,39
2024-01-09,1,21,sunny,0,0,23
2024-01-10,2,11,sunny,1,0,13
2024-01-10,2,12,sunny,1,0,36
2024-01-10,2,13,sunny,1,0,42
2024-01-10,2,14,sunny,1,0,27
2024-01-10,2,15,sunny,1,0,16
2024-01-10,2,16,sunny,1,0,10
2024-01-10,2,17,sunny,1,0,18
2024-01-10,2,18,sunny,1,0,43
2024-01-10,2,19,sunny,1,0,54
2024-01-10,2,20,sunny,1,0,44
2024-01-10,2,21,sunny,1,0,33
2024-01-11,3,11,cloudy,0,0,8
2024-01-11,3,12,cloudy,0,0,25
2024-01-11,3,13,cloudy,0,0,26
2024-01-11,3,14,cloudy,0,0,20
2024-01-11,3,15,cloudy,0,0,9
2024-01-11,3,16,cloudy,0,0,5
2024-01-11,3,17,cloudy,0,0,12
2024-01-11,3,18,cloudy,0,0,31
2024-01-11,3,19,cloudy,0,0,41
2024-01-11,3,20,cloudy,0,0,35
2024-01-11,3,21,cloudy,0,0,19
2024-01-12,4,11,sunny,0,0,13
2024-01-12,4,12,sunny,0,0,31
2024-01-12,4,13,sunny,0,0,38
2024-01-12,4,14,sunny,0,0,23
2024-01-12,4,15,sunny,0,0,14
2024-01-12,4,16,sunny,0,0,8
2024-01-12,4,17,sunny,0,0,15
2024-01-12,4,18,sunny,0,0,36
2024-01-12,4,19,sunny,0,0,50
2024-01-12,4,20,sunny,0,0,27
2024-01-12,4,21,sunny,0,0,25
2024-01-13,5,11,cloudy,0,0,10
2024-01-13,5,12,cloudy,0,0,26
2024-01-13,5,13,cloudy,0,0,38
2024-01-13,5,14,cloudy,0,0,22
2024-01-13,5,15,cloudy,0,0,14
2024-01-13,5,16,cloudy,0,0,8
2024-01-13,5,17,cloudy,0,0,18
2024-01-13,5,18,cloudy,0,0,38
2024-01-13,5,19,cloudy,0,0,56
2024-01-13,5,20,cloudy,0,0,40
2024-01-13,5,21,cloudy,0,0,30
2024-01-14,6,11,rainy,0,0,8
2024-01-14,6,12,rainy,0,0,24
2024-01-14,6,13,rainy,0,0,34
2024-01-14,6,14,rainy,0,0,18
2024-01-14,6,15,rainy,0,0,10
2024-01-14,6,16,rainy,0,0,5
2024-01-14,6,17,rainy,0,0,11
2024-01-14,6,18,rainy,0,0,31
2024-01-14,6,19,rainy,0,0,47
2024-01-14,6,20,rainy,0,0,35
2024-01-14,6,21,rainy,0,0,20
2024-01-15,0,11,rainy,0,0,6
2024-01-15,0,12,rainy,0,0,16
2024-01-15,0,13,rainy,0,0,23
2024-01-15,0,14,rainy,0,0,11
2024-01-15,0,15,rainy,0,0,9
2024-01-15,0,16,rainy,0,0,4
2024-01-15,0,17,rainy,0,0,10
2024-01-15,0,18,rainy,0,0,20
2024-01-15,0,19,rainy,0,0,34
2024-01-15,0,20,rainy,0,0,30
2024-01-15,0,21,rainy,0,0,16
2024-01-16,1,11,sunny,0,0,8
2024-01-16,1,12,sunny,0,0,26
2024-01-16,1,13,sunny,0,0,27
2024-01-16,1,14,sunny,0,0,20
2024-01-16,1,15,sunny,0,0,12
2024-01-16,1,16,sunny,0,0,7
2024-01-16,1,17,sunny,0,0,13
2024-01-16,1,18,sunny,0,0,30
2024-01-16,1,19,sunny,0,0,49
2024-01-16,1,20,sunny,0,0,40
2024-01-16,1,21,sunny,0,0,16
2024-01-17,2,11,rainy,0,0,7
2024-01-17,2,12,rainy,0,0,15
2024-01-17,2,13,rainy,0,0,13
2024-01-17,2,14,rainy,0,0,14
2024-01-17,2,15,rainy,0,0,8
2024-01-17,2,16,rainy,0,0,3
2024-01-17,2,17,rainy,0,0,8
2024-01-17,2,18,rainy,0,0,31
2024-01-17,2,19,rainy,0,0,30
2024-01-17,2,20,rainy,0,0,30
2024-01-17,2,21,rainy,0,0,14
2024-01-18,3,11,cloudy,0,0,7
2024-01-18,3,12,cloudy,0,0,20
2024-01-18,3,13,cloudy,0,0,27
2024-01-18,3,14,cloudy,0,0,18
2024-01-18,3,15,cloudy,0,0,9
2024-01-18,3,16,cloudy,0,0,5
2024-01-18,3,17,cloudy,0,0,12
2024-01-18,3,18,cloudy,0,0,22
2024-01-18,3,19,cloudy,0,0,30
2024-01-18,3,20,cloudy,0,0,38
2024-01-18,3,21,cloudy,0,0,21
2024-01-19,4,11,sunny,0,0,10
2024-01-19,4,12,sunny,0,0,26
2024-01-19,4,13,sunny,0,0,28
2024-01-19,4,14,sunny,0,0,20
2024-01-19,4,15,sunny,0,0,13
2024-01-19,4,16,sunny,0,0,8
2024-01-19,4,17,sunny,0,0,14
2024-01-19,4,18,sunny,0,0,41
2024-01-19,4,19,sunny,0,0,38
2024-01-19,4,20,sunny,0,0,47
2024-01-19,4,21,sunny,0,0,22
2024-01-20,5,11,sunny,0,0,13
2024-01-20,5,12,sunny,0,0,34
2024-01-20,5,13,sunny,0,0,52
2024-01-20,5,14,sunny,0,0,25
2024-01-20,5,15,sunny,0,0,17
2024-01-20,5,16,sunny,0,0,9
2024-01-20,5,17,sunny,0,0,18
2024-01-20,5,18,sunny,0,0,47
2024-01-20,5,19,sunny,0,0,57
2024-01-20,5,20,sunny,0,0,56
2024-01-20,5,21,sunny,0,0,31
2024-01-21,6,11,stormy,0,0,5
2024-01-21,6,12,stormy,0,0,17
2024-01-21,6,13,stormy,0,0,17
2024-01-21,6,14,stormy,0,0,14
2024-01-21,6,15,stormy,0,0,6
2024-01-21,6,16,stormy,0,0,4
2024-01-21,6,17,stormy,0,0,9
2024-01-21,6,18,stormy,0,0,16
2024-01-21,6,19,stormy,0,0,28
2024-01-21,6,20,stormy,0,0,23
2024-01-21,6,21,stormy,0,0,12
2024-01-22,0,11,sunny,0,0,8
2024-01-22,0,12,sunny,0,0,25
2024-01-22,0,13,sunny,0,0,34
2024-01-22,0,14,sunny,0,0,20
2024-01-22,0,15,sunny,0,0,13
2024-01-22,0,16,sunny,0,0,7
2024-01-22,0,17,sunny,0,0,10
2024-01-22,0,18,sunny,0,0,32
2024-01-22,0,19,sunny,0,0,42
2024-01-22,0,20,sunny,0,0,42
2024-01-22,0,21,sunny,0,0,15
2024-01-23,1,11,cloudy,0,0,10
2024-01-23,1,12,cloudy,0,0,25
2024-01-23,1,13,cloudy,0,0,35
2024-01-23,1,14,cloudy,0,0,19
2024-01-23,1,15,cloudy,0,0,11
2024-01-23,1,16,cloudy,0,0,6
2024-01-23,1,17,cloudy,0,0,11
2024-01-23,1,18,cloudy,0,0,28
2024-01-23,1,19,cloudy,0,0,36
2024-01-23,1,20,cloudy,0,0,32
2024-01-23,1,21,cloudy,0,0,16
2024-01-24,2,11,sunny,0,0,9
2024-01-24,2,12,sunny,0,0,25
2024-01-24,2,13,sunny,0,0,32
2024-01-24,2,14,sunny,0,0,19
2024-01-24,2,15,sunny,0,0,15
2024-01-24,2,16,sunny,0,0,8
2024-01-24,2,17,sunny,0,0,11
2024-01-24,2,18,sunny,0,0,35
2024-01-24,2,19,sunny,0,0,42
2024-01-24,2,20,sunny,0,0,35
2024-01-24,2,21,sunny,0,0,19
2024-01-25,3,11,sunny,0,0,9
2024-01-25,3,12,sunny,0,0,23
2024-01-25,3,13,sunny,0,0,35
2024-01-25,3,14,sunny,0,0,23
2024-01-25,3,15,sunny,0,0,13
2024-01-25,3,16,sunny,0,0,6
2024-01-25,3,17,sunny,0,0,14
2024-01-25,3,18,sunny,0,0,37
2024-01-25,3,19,sunny,0,0,43
2024-01-25,3,20,sunny,0,0,36
2024-01-25,3,21,sunny,0,0,27
2024-01-26,4,11,stormy,0,0,4
2024-01-26,4,12,stormy,0,0,11
2024-01-26,4,13,stormy,0,0,15
2024-01-26,4,14,stormy,0,0,10
2024-01-26,4,15,stormy,0,0,5
2024-01-26,4,16,stormy,0,0,3
2024-01-26,4,17,stormy,0,0,5
2024-01-26,4,18,stormy,0,0,15
2024-01-26,4,19,stormy,0,0,26
2024-01-26,4,20,stormy,0,0,22
2024-01-26,4,21,stormy,0,0,11
2024-01-27,5,11,sunny,0,0,11
2024-01-27,5,12,sunny,0,0,38
2024-01-27,5,13,sunny,0,0,50
2024-01-27,5,14,sunny,0,0,27
2024-01-27,5,15,sunny,0,0,13
2024-01-27,5,16,sunny,0,0,9
2024-01-27,5,17,sunny,0,0,17
2024-01-27,5,18,sunny,0,0,45
2024-01-27,5,19,sunny,0,0,74
2024-01-27,5,20,sunny,0,0,61
2024-01-27,5,21,sunny,0,0,32
2024-01-28,6,11,cloudy,0,0,11
2024-01-28,6,12,cloudy,0,0,27
2024-01-28,6,13,cloudy,0,0,42
2024-01-28,6,14,cloudy,0,0,27
2024-01-28,6,15,cloudy,0,0,15
2024-01-28,6,16,cloudy,0,0,8
2024-01-28,6,17,cloudy,0,0,16
2024-01-28,6,18,cloudy,0,0,45
2024-01-28,6,19,cloudy,0,0,54
2024-01-28,6,20,cloudy,0,0,42
2024-01-28,6,21,cloudy,0,0,24
2024-01-29,0,11,cloudy,0,0,8
2024-01-29,0,12,cloudy,0,0,24
2024-01-29,0,13,cloudy,0,0,20
2024-01-29,0,14,cloudy,0,0,21
2024-01-29,0,15,cloudy,0,0,11
2024-01-29,0,16,cloudy,0,0,5
2024-01-29,0,17,cloudy,0,0,12
2024-01-29,0,18,cloudy,0,0,30
2024-01-29,0,19,cloudy,0,0,45
2024-01-29,0,20,cloudy,0,0,39
2024-01-29,0,21,cloudy,0,0,16
2024-01-30,1,11,sunny,0,0,9
2024-01-30,1,12,sunny,0,0,23
2024-01-30,1,13,sunny,0,0,38
2024-01-30,1,14,sunny,0,0,23
2024-01-30,1,15,sunny,0,0,10
2024-01-30,1,16,sunny,0,0,5
2024-01-30,1,17,sunny,0,0,13
2024-01-30,1,18,sunny,0,0,36
2024-01-30,1,19,sunny,0,0,47
2024-01-30,1,20,sunny,0,0,46
2024-01-30,1,21,sunny,0,0,25
2024-01-31,2,11,sunny,0,0,10
2024-01-31,2,12,sunny,0,0,24
2024-01-31,2,13,sunny,0,0,36
2024-01-31,2,14,sunny,0,0,20
2024-01-31,2,15,sunny,0,0,12
2024-01-31,2,16,sunny,0,0,6
2024-01-31,2,17,sunny,0,0,12
2024-01-31,2,18,sunny,0,0,33
2024-01-31,2,19,sunny,0,0,47
2024-01-31,2,20,sunny,0,0,37
2024-01-31,2,21,sunny,0,0,22
2024-02-01,3,11,rainy,0,0,6
2024-02-01,3,12,rainy,0,0,20
2024-02-01,3,13,rainy,0,0,26
2024-02-01,3,14,rainy,0,0,14
2024-02-01,3,15,rainy,0,0,7
2024-02-01,3,16,rainy,0,0,3
2024-02-01,3,17,rainy,0,0,7
2024-02-01,3,18,rainy,0,0,20
2024-02-01,3,19,rainy,0,0,37
2024-02-01,3,20,rainy,0,0,28
2024-02-01,3,21,rainy,0,0,16
2024-02-02,4,11,cloudy,0,0,6
2024-02-02,4,12,cloudy,0,0,25
2024-02-02,4,13,cloudy,0,0,30
2024-02-02,4,14,cloudy,0,0,21
2024-02-02,4,15,cloudy,0,0,13
2024-02-02,4,16,cloudy,0,0,6
2024-02-02,4,17,cloudy,0,0,13
2024-02-02,4,18,cloudy,0,0,33
2024-02-02,4,19,cloudy,0,0,56
2024-02-02,4,20,cloudy,0,0,28
2024-02-02,4,21,cloudy,0,0,23
2024-02-03,5,11,sunny,0,0,12
2024-02-03,5,12,sunny,0,0,37
2024-02-03,5,13,sunny,0,0,41
2024-02-03,5,14,sunny,0,0,28
2024-02-03,5,15,sunny,0,0,17
2024-02-03,5,16,sunny,0,0,13
2024-02-03,5,17,sunny,0,0,21
2024-02-03,5,18,sunny,0,0,43
2024-02-03,5,19,sunny,0,0,61
2024-02-03,5,20,sunny,0,0,53
2024-02-03,5,21,sunny,0,0,25
2024-02-04,6,11,sunny,0,0,11
2024-02-04,6,12,sunny,0,0,37
2024-02-04,6,13,sunny,0,0,44
2024-02-04,6,14,sunny,0,0,24
2024-02-04,6,15,sunny,0,0,14
2024-02-04,6,16,sunny,0,0,10
2024-02-04,6,17,sunny,0,0,19
2024-02-04,6,18,sunny,0,0,44
2024-02-04,6,19,sunny,0,0,58
2024-02-04,6,20,sunny,0,0,52
2024-02-04,6,21,sunny,0,0,28
2024-02-05,0,11,stormy,0,0,3
2024-02-05,0,12,stormy,0,0,15
2024-02-05,0,13,stormy,0,0,15
2024-02-05,0,14,stormy,0,0,10
2024-02-05,0,15,stormy,0,0,5
2024-02-05,0,16,stormy,0,0,3
2024-02-05,0,17,stormy,0,0,6
2024-02-05,0,18,stormy,0,0,13
2024-02-05,0,19,stormy,0,0,28
2024-02-05,0,20,stormy,0,0,16
2024-02-05,0,21,stormy,0,0,9
2024-02-06,1,11,cloudy,0,0,7
2024-02-06,1,12,cloudy,0,0,18
2024-02-06,1,13,cloudy,0,0,32
2024-02-06,1,14,cloudy,0,0,19
2024-02-06,1,15,cloudy,0,0,10
2024-02-06,1,16,cloudy,0,0,6
2024-02-06,1,17,cloudy,0,0,15
2024-02-06,1,18,cloudy,0,0,37
2024-02-06,1,19,cloudy,0,0,36
2024-02-06,1,20,cloudy,0,0,41
2024-02-06,1,21,cloudy,0,0,20
2024-02-07,2,11,sunny,0,0,9
2024-02-07,2,12,sunny,0,0,22
2024-02-07,2,13,sunny,0,0,35
2024-02-07,2,14,sunny,0,0,23
2024-02-07,2,15,sunny,0,0,8
2024-02-07,2,16,sunny,0,0,6
2024-02-07,2,17,sunny,0,0,15
2024-02-07,2,18,sunny,0,0,33
2024-02-07,2,19,sunny,0,0,50
2024-02-07,2,20,sunny,0,0,41
2024-02-07,2,21,sunny,0,0,23
2024-02-08,3,11,sunny,0,0,8
2024-02-08,3,12,sunny,0,0,21
2024-02-08,3,13,sunny,0,0,27
2024-02-08,3,14,sunny,0,0,22
2024-02-08,3,15,sunny,0,0,11
2024-02-08,3,16,sunny,0,0,6
2024-02-08,3,17,sunny,0,0,13
2024-02-08,3,18,sunny,0,0,33
2024-02-08,3,19,sunny,0,0,51
2024-02-08,3,20,sunny,0,0,38
2024-02-08,3,21,sunny,0,0,19
2024-02-09,4,11,sunny,0,0,10
2024-02-09,4,12,sunny,0,0,33
2024-02-09,4,13,sunny,0,0,35
2024-02-09,4,14,sunny,0,0,23
2024-02-09,4,15,sunny,0,0,10
2024-02-09,4,16,sunny,0,0,7
2024-02-09,4,17,sunny,0,0,16
2024-02-09,4,18,sunny,0,0,30
2024-02-09,4,19,sunny,0,0,51
2024-02-09,4,20,sunny,0,0,44
2024-02-09,4,21,sunny,0,0,25
2024-02-10,5,11,rainy,0,0,10
2024-02-10,5,12,rainy,0,0,21
2024-02-10,5,13,rainy,0,0,31
2024-02-10,5,14,rainy,0,0,20
2024-02-10,5,15,rainy,0,0,9
2024-02-10,5,16,rainy,0,0,7
2024-02-10,5,17,rainy,0,0,17
2024-02-10,5,18,rainy,0,0,33
2024-02-10,5,19,rainy,0,0,47
2024-02-10,5,20,rainy,0,0,39
2024-02-10,5,21,rainy,0,0,20
2024-02-11,6,11,rainy,0,0,6
2024-02-11,6,12,rainy,0,0,20
2024-02-11,6,13,rainy,0,0,24
2024-02-11,6,14,rainy,0,0,22
2024-02-11,6,15,rainy,0,0,10
2024-02-11,6,16,rainy,0,0,5
2024-02-11,6,17,rainy,0,0,13
2024-02-11,6,18,rainy,0,0,27
2024-02-11,6,19,rainy,0,0,37
2024-02-11,6,20,rainy,0,0,36
2024-02-11,6,21,rainy,0,0,23
2024-02-12,0,11,cloudy,0,0,8
2024-02-12,0,12,cloudy,0,0,23
2024-02-12,0,13,cloudy,0,0,28
2024-02-12,0,14,cloudy,0,0,15
2024-02-12,0,15,cloudy,0,0,10
2024-02-12,0,16,cloudy,0,0,5
2024-02-12,0,17,cloudy,0,0,12
2024-02-12,0,18,cloudy,0,0,28
2024-02-12,0,19,cloudy,0,0,52
2024-02-12,0,20,cloudy,0,0,34
2024-02-12,0,21,cloudy,0,0,16
2024-02-13,1,11,stormy,0,0,5
2024-02-13,1,12,stormy,0,0,11
2024-02-13,1,13,stormy,0,0,12
2024-02-13,1,14,stormy,0,0,10
2024-02-13,1,15,stormy,0,0,4
2024-02-13,1,16,stormy,0,0,3
2024-02-13,1,17,stormy,0,0,6
2024-02-13,1,18,stormy,0,0,16
2024-02-13,1,19,stormy,0,0,23
2024-02-13,1,20,stormy,0,0,17
2024-02-13,1,21,stormy,0,0,10
2024-02-14,2,11,sunny,0,0,9
2024-02-14,2,12,sunny,0,0,25
2024-02-14,2,13,sunny,0,0,32
2024-02-14,2,14,sunny,0,0,21
2024-02-14,2,15,sunny,0,0,12
2024-02-14,2,16,sunny,0,0,7
2024-02-14,2,17,sunny,0,0,14
2024-02-14,2,18,sunny,0,0,27
2024-02-14,2,19,sunny,0,0,46
2024-02-14,2,20,sunny,0,0,42
2024-02-14,2,21,sunny,0,0,25
2024-02-15,3,11,stormy,0,0,4
2024-02-15,3,12,stormy,0,0,11
2024-02-15,3,13,stormy,0,0,14
2024-02-15,3,14,stormy,0,0,10
2024-02-15,3,15,stormy,0,0,6
2024-02-15,3,16,stormy,0,0,3
2024-02-15,3,17,stormy,0,0,7
2024-02-15,3,18,stormy,0,0,16
2024-02-15,3,19,stormy,0,0,21
2024-02-15,3,20,stormy,0,0,18
2024-02-15,3,21,stormy,0,0,11
2024-02-16,4,11,cloudy,0,0,9
2024-02-16,4,12,cloudy,0,0,25
2024-02-16,4,13,cloudy,0,0,28
2024-02-16,4,14,cloudy,0,0,17
2024-02-16,4,15,cloudy,0,0,10
2024-02-16,4,16,cloudy,0,0,6
2024-02-16,4,17,cloudy,0,0,17
2024-02-16,4,18,cloudy,0,0,32
2024-02-16,4,19,cloudy,0,0,38
2024-02-16,4,20,cloudy,0,0,39
2024-02-16,4,21,cloudy,0,0,16
2024-02-17,5,11,cloudy,1,0,16
2024-02-17,5,12,cloudy,1,0,46
2024-02-17,5,13,cloudy,1,0,49
2024-02-17,5,14,cloudy,1,0,33
2024-02-17,5,15,cloudy,1,0,17
2024-02-17,5,16,cloudy,1,0,9
2024-02-17,5,17,cloudy,1,0,23
2024-02-17,5,18,cloudy,1,0,48
2024-02-17,5,19,cloudy,1,0,71
2024-02-17,5,20,cloudy,1,0,58
2024-02-17,5,21,cloudy,1,0,40
2024-02-18,6,11,sunny,0,0,14
2024-02-18,6,12,sunny,0,0,32
2024-02-18,6,13,sunny,0,0,41
2024-02-18,6,14,sunny,0,0,27
2024-02-18,6,15,sunny,0,0,14
2024-02-18,6,16,sunny,0,0,8
2024-02-18,6,17,sunny,0,0,18
2024-02-18,6,18,sunny,0,0,50
2024-02-18,6,19,sunny,0,0,45
2024-02-18,6,20,sunny,0,0,50
2024-02-18,6,21,sunny,0,0,30
2024-02-19,0,11,cloudy,0,0,7
2024-02-19,0,12,cloudy,0,0,21
2024-02-19,0,13,cloudy,0,0,29
2024-02-19,0,14,cloudy,0,0,16
2024-02-19,0,15,cloudy,0,0,7
2024-02-19,0,16,cloudy,0,0,5
2024-02-19,0,17,cloudy,0,0,13
2024-02-19,0,18,cloudy,0,0,28
2024-02-19,0,19,cloudy,0,0,35
2024-02-19,0,20,cloudy,0,0,38
2024-02-19,0,21,cloudy,0,0,19
2024-02-20,1,11,stormy,0,0,4
2024-02-20,1,12,stormy,0,0,15
2024-02-20,1,13,stormy,0,0,16
2024-02-20,1,14,stormy,0,0,11
2024-02-20,1,15,stormy,0,0,5
2024-02-20,1,16,stormy,0,0,2
2024-02-20,1,17,stormy,0,0,6
2024-02-20,1,18,stormy,0,0,16
2024-02-20,1,19,stormy,0,0,19
2024-02-20,1,20,stormy,0,0,18
2024-02-20,1,21,stormy,0,0,11
2024-02-21,2,11,rainy,0,0,6
2024-02-21,2,12,rainy,0,0,16
2024-02-21,2,13,rainy,0,0,21
2024-02-21,2,14,rainy,0,0,12
2024-02-21,2,15,rainy,0,0,9
2024-02-21,2,16,rainy,0,0,4
2024-02-21,2,17,rainy,0,0,9
2024-02-21,2,18,rainy,0,0,21
2024-02-21,2,19,rainy,0,0,43
2024-02-21,2,20,rainy,0,0,24
2024-02-21,2,21,rainy,0,0,15
2024-02-22,3,11,rainy,0,0,6
2024-02-22,3,12,rainy,0,0,21
2024-02-22,3,13,rainy,0,0,23
2024-02-22,3,14,rainy,0,0,12
2024-02-22,3,15,rainy,0,0,7
2024-02-22,3,16,rainy,0,0,4
2024-02-22,3,17,rainy,0,0,11
2024-02-22,3,18,rainy,0,0,19
2024-02-22,3,19,rainy,0,0,36
2024-02-22,3,20,rainy,0,0,28
2024-02-22,3,21,rainy,0,0,17
2024-02-23,4,11,sunny,0,0,11
2024-02-23,4,12,sunny,0,0,30
2024-02-23,4,13,sunny,0,0,39
2024-02-23,4,14,sunny,0,0,22
2024-02-23,4,15,sunny,0,0,11
2024-02-23,4,16,sunny,0,0,6
2024-02-23,4,17,sunny,0,0,16
2024-02-23,4,18,sunny,0,0,39
2024-02-23,4,19,sunny,0,0,44
2024-02-23,4,20,sunny,0,0,41
2024-02-23,4,21,sunny,0,0,23
2024-02-24,5,11,sunny,0,0,10
2024-02-24,5,12,sunny,0,0,33
2024-02-24,5,13,sunny,0,0,41
2024-02-24,5,14,sunny,0,0,23
2024-02-24,5,15,sunny,0,0,20
2024-02-24,5,16,sunny,0,0,11
2024-02-24,5,17,sunny,0,0,17
2024-02-24,5,18,sunny,0,0,49
2024-02-24,5,19,sunny,0,0,67
2024-02-24,5,20,sunny,0,0,64
2024-02-24,5,21,sunny,0,0,29
2024-02-25,6,11,sunny,0,0,13
2024-02-25,6,12,sunny,0,0,30
2024-02-25,6,13,sunny,0,0,35
2024-02-25,6,14,sunny,0,0,29
2024-02-25,6,15,sunny,0,0,17
2024-02-25,6,16,sunny,0,0,11
2024-02-25,6,17,sunny,0,0,15
2024-02-25,6,18,sunny,0,0,48
2024-02-25,6,19,sunny,0,0,56
2024-02-25,6,20,sunny,0,0,57
2024-02-25,6,21,sunny,0,0,24
2024-02-26,0,11,cloudy,1,0,9
2024-02-26,0,12,cloudy,1,0,27
2024-02-26,0,13,cloudy,1,0,40
2024-02-26,0,14,cloudy,1,0,27
2024-02-26,0,15,cloudy,1,0,14
2024-02-26,0,16,cloudy,1,0,9
2024-02-26,0,17,cloudy,1,0,17
2024-02-26,0,18,cloudy,1,0,34
2024-02-26,0,19,cloudy,1,0,62
2024-02-26,0,20,cloudy,1,0,43
2024-02-26,0,21,cloudy,1,0,29
2024-02-27,1,11,cloudy,0,0,6
2024-02-27,1,12,cloudy,0,0,19
2024-02-27,1,13,cloudy,0,0,32
2024-02-27,1,14,cloudy,0,0,17
2024-02-27,1,15,cloudy,0,0,10
2024-02-27,1,16,cloudy,0,0,6
2024-02-27,1,17,cloudy,0,0,13
2024-02-27,1,18,cloudy,0,0,31
2024-02-27,1,19,cloudy,0,0,38
2024-02-27,1,20,cloudy,0,0,33
2024-02-27,1,21,cloudy,0,0,22
2024-02-28,2,11,rainy,0,0,6
2024-02-28,2,12,rainy,0,0,17
2024-02-28,2,13,rainy,0,0,20
2024-02-28,2,14,rainy,0,0,13
2024-02-28,2,15,rainy,0,0,7
2024-02-28,2,16,rainy,0,0,4
2024-02-28,2,17,rainy,0,0,11
2024-02-28,2,18,rainy,0,0,21
2024-02-28,2,19,rainy,0,0,32
2024-02-28,2,20,rainy,0,0,25
2024-02-28,2,21,rainy,0,0,15
2024-02-29,3,11,stormy,0,0,3
2024-02-29,3,12,stormy,0,0,11
2024-02-29,3,13,stormy,0,0,15
2024-02-29,3,14,stormy,0,0,10
2024-02-29,3,15,stormy,0,0,5
2024-02-29,3,16,stormy,0,0,2
2024-02-29,3,17,stormy,0,0,7
2024-02-29,3,18,stormy,0,0,16
2024-02-29,3,19,stormy,0,0,22
2024-02-29,3,20,stormy,0,0,19
2024-02-29,3,21,stormy,0,0,10
2024-03-01,4,11,stormy,0,0,4
2024-03-01,4,12,stormy,0,0,14
2024-03-01,4,13,stormy,0,0,13
2024-03-01,4,14,stormy,0,0,10
2024-03-01,4,15,stormy,0,0,5
2024-03-01,4,16,stormy,0,0,3
2024-03-01,4,17,stormy,0,0,8
2024-03-01,4,18,stormy,0,0,16
2024-03-01,4,19,stormy,0,0,22
2024-03-01,4,20,stormy,0,0,19
2024-03-01,4,21,stormy,0,0,10
2024-03-02,5,11,rainy,0,0,8
2024-03-02,5,12,rainy,0,0,26
2024-03-02,5,13,rainy,0,0,27
2024-03-02,5,14,rainy,0,0,21
2024-03-02,5,15,rainy,0,0,8
2024-03-02,5,16,rainy,0,0,6
2024-03-02,5,17,rainy,0,0,12
2024-03-02,5,18,rainy,0,0,40
2024-03-02,5,19,rainy,0,0,43
2024-03-02,5,20,rainy,0,0,28
2024-03-02,5,21,rainy,0,0,17
2024-03-03,6,11,rainy,0,0,8
2024-03-03,6,12,rainy,0,0,23
2024-03-03,6,13,rainy,0,0,33
2024-03-03,6,14,rainy,0,0,17
2024-03-03,6,15,rainy,0,0,11
2024-03-03,6,16,rainy,0,0,5
2024-03-03,6,17,rainy,0,0,11
2024-03-03,6,18,rainy,0,0,24
2024-03-03,6,19,rainy,0,0,40
2024-03-03,6,20,rainy,0,0,36
2024-03-03,6,21,rainy,0,0,21
2024-03-04,0,11,sunny,0,0,8
2024-03-04,0,12,sunny,0,0,20
2024-03-04,0,13,sunny,0,0,37
2024-03-04,0,14,sunny,0,0,19
2024-03-04,0,15,sunny,0,0,10
2024-03-04,0,16,sunny,0,0,8
2024-03-04,0,17,sunny,0,0,11
2024-03-04,0,18,sunny,0,0,29
2024-03-04,0,19,sunny,0,0,39
2024-03-04,0,20,sunny,0,0,39
2024-03-04,0,21,sunny,0,0,24
2024-03-05,1,11,cloudy,0,0,8
2024-03-05,1,12,cloudy,0,0,23
2024-03-05,1,13,cloudy,0,0,26
2024-03-05,1,14,cloudy,0,0,16
2024-03-05,1,15,cloudy,0,0,9
2024-03-05,1,16,cloudy,0,0,5
2024-03-05,1,17,cloudy,0,0,14
2024-03-05,1,18,cloudy,0,0,33
2024-03-05,1,19,cloudy,0,0,40
2024-03-05,1,20,cloudy,0,0,40
2024-03-05,1,21,cloudy,0,0,16
2024-03-06,2,11,sunny,0,0,7
2024-03-06,2,12,sunny,0,0,18
2024-03-06,2,13,sunny,0,0,29
2024-03-06,2,14,sunny,0,0,21
2024-03-06,2,15,sunny,0,0,11
2024-03-06,2,16,sunny,0,0,7
2024-03-06,2,17,sunny,0,0,11
2024-03-06,2,18,sunny,0,0,37
2024-03-06,2,19,sunny,0,0,47
2024-03-06,2,20,sunny,0,0,43
2024-03-06,2,21,sunny,0,0,17
2024-03-07,3,11,sunny,0,0,9
2024-03-07,3,12,sunny,0,0,26
2024-03-07,3,13,sunny,0,0,32
2024-03-07,3,14,sunny,0,0,18
2024-03-07,3,15,sunny,0,0,11
2024-03-07,3,16,sunny,0,0,5
2024-03-07,3,17,sunny,0,0,15
2024-03-07,3,18,sunny,0,0,33
2024-03-07,3,19,sunny,0,0,52
2024-03-07,3,20,sunny,0,0,37
2024-03-07,3,21,sunny,0,0,21
2024-03-08,4,11,rainy,0,0,6
2024-03-08,4,12,rainy,0,0,20
2024-03-08,4,13,rainy,0,0,23
2024-03-08,4,14,rainy,0,0,12
2024-03-08,4,15,rainy,0,0,8
2024-03-08,4,16,rainy,0,0,4
2024-03-08,4,17,rainy,0,0,10
2024-03-08,4,18,rainy,0,0,22
2024-03-08,4,19,rainy,0,0,39
2024-03-08,4,20,rainy,0,0,30
2024-03-08,4,21,rainy,0,0,17
2024-03-09,5,11,cloudy,0,0,12
2024-03-09,5,12,cloudy,0,0,27
2024-03-09,5,13,cloudy,0,0,30
2024-03-09,5,14,cloudy,0,0,23
2024-03-09,5,15,cloudy,0,0,12
2024-03-09,5,16,cloudy,0,0,8
2024-03-09,5,17,cloudy,0,0,16
2024-03-09,5,18,cloudy,0,0,45
2024-03-09,5,19,cloudy,0,0,51
2024-03-09,5,20,cloudy,0,0,48
2024-03-09,5,21,cloudy,0,0,31
2024-03-10,6,11,cloudy,0,0,9
2024-03-10,6,12,cloudy,0,0,26
2024-03-10,6,13,cloudy,0,0,32
2024-03-10,6,14,cloudy,0,0,21
2024-03-10,6,15,cloudy,0,0,14
2024-03-10,6,16,cloudy,0,0,7
2024-03-10,6,17,cloudy,0,0,13
2024-03-10,6,18,cloudy,0,0,47
2024-03-10,6,19,cloudy,0,0,53
2024-03-10,6,20,cloudy,0,0,37
2024-03-10,6,21,cloudy,0,0,24
2024-03-11,0,11,cloudy,0,0,8
2024-03-11,0,12,cloudy,0,0,24
2024-03-11,0,13,cloudy,0,0,32
2024-03-11,0,14,cloudy,0,0,16
2024-03-11,0,15,cloudy,0,0,9
2024-03-11,0,16,cloudy,0,0,5
2024-03-11,0,17,cloudy,0,0,11
2024-03-11,0,18,cloudy,0,0,29
2024-03-11,0,19,cloudy,0,0,43
2024-03-11,0,20,cloudy,0,0,39
2024-03-11,0,21,cloudy,0,0,18
2024-03-12,1,11,cloudy,0,0,8
2024-03-12,1,12,cloudy,0,0,22
2024-03-12,1,13,cloudy,0,0,26
2024-03-12,1,14,cloudy,0,0,18
2024-03-12,1,15,cloudy,0,0,11
2024-03-12,1,16,cloudy,0,0,6
2024-03-12,1,17,cloudy,0,0,11
2024-03-12,1,18,cloudy,0,0,28
2024-03-12,1,19,cloudy,0,0,39
2024-03-12,1,20,cloudy,0,0,41
2024-03-12,1,21,cloudy,0,0,19
2024-03-13,2,11,rainy,0,0,6
2024-03-13,2,12,rainy,0,0,21
2024-03-13,2,13,rainy,0,0,23
2024-03-13,2,14,rainy,0,0,14
2024-03-13,2,15,rainy,0,0,8
2024-03-13,2,16,rainy,0,0,3
2024-03-13,2,17,rainy,0,0,10
2024-03-13,2,18,rainy,0,0,24
2024-03-13,2,19,rainy,0,0,33
2024-03-13,2,20,rainy,0,0,25
2024-03-13,2,21,rainy,0,0,15
2024-03-14,3,11,rainy,0,0,6
2024-03-14,3,12,rainy,0,0,21
2024-03-14,3,13,rainy,0,0,23
2024-03-14,3,14,rainy,0,0,12
2024-03-14,3,15,rainy,0,0,7
2024-03-14,3,16,rainy,0,0,4
2024-03-14,3,17,rainy,0,0,7
2024-03-14,3,18,rainy,0,0,28
2024-03-14,3,19,rainy,0,0,34
2024-03-14,3,20,rainy,0,0,29
2024-03-14,3,21,rainy,0,0,16
2024-03-15,4,11,stormy,0,0,4
2024-03-15,4,12,stormy,0,0,12
2024-03-15,4,13,stormy,0,0,18
2024-03-15,4,14,stormy,0,0,9
2024-03-15,4,15,stormy,0,0,4
2024-03-15,4,16,stormy,0,0,3
2024-03-15,4,17,stormy,0,0,7
2024-03-15,4,18,stormy,0,0,18
2024-03-15,4,19,stormy,0,0,26
2024-03-15,4,20,stormy,0,0,22
2024-03-15,4,21,stormy,0,0,12
2024-03-16,5,11,sunny,0,0,13
2024-03-16,5,12,sunny,0,0,38
2024-03-16,5,13,sunny,0,0,38
2024-03-16,5,14,sunny,0,0,23
2024-03-16,5,15,sunny,0,0,14
2024-03-16,5,16,sunny,0,0,8
2024-03-16,5,17,sunny,0,0,21
2024-03-16,5,18,sunny,0,0,44
2024-03-16,5,19,sunny,0,0,57
2024-03-16,5,20,sunny,0,0,52
2024-03-16,5,21,sunny,0,0,36
2024-03-17,6,11,sunny,1,0,16
2024-03-17,6,12,sunny,1,0,51
2024-03-17,6,13,sunny,1,0,51
2024-03-17,6,14,sunny,1,0,42
2024-03-17,6,15,sunny,1,0,20
2024-03-17,6,16,sunny,1,0,11
2024-03-17,6,17,sunny,1,0,31
2024-03-17,6,18,sunny,1,0,52
2024-03-17,6,19,sunny,1,0,77
2024-03-17,6,20,sunny,1,0,60
2024-03-17,6,21,sunny,1,0,44
2024-03-18,0,11,cloudy,0,0,9
2024-03-18,0,12,cloudy,0,0,21
2024-03-18,0,13,cloudy,0,0,26
2024-03-18,0,14,cloudy,0,0,14
2024-03-18,0,15,cloudy,0,0,12
2024-03-18,0,16,cloudy,0,0,6
2024-03-18,0,17,cloudy,0,0,11
2024-03-18,0,18,cloudy,0,0,34
2024-03-18,0,19,cloudy,0,0,35
2024-03-18,0,20,cloudy,0,0,36
2024-03-18,0,21,cloudy,0,0,19
2024-03-19,1,11,rainy,1,0,9
2024-03-19,1,12,rainy,1,0,23
2024-03-19,1,13,rainy,1,0,24
2024-03-19,1,14,rainy,1,0,19
2024-03-19,1,15,rainy,1,0,12
2024-03-19,1,16,rainy,1,0,6
2024-03-19,1,17,rainy,1,0,14
2024-03-19,1,18,rainy,1,0,28
2024-03-19,1,19,rainy,1,0,43
2024-03-19,1,20,rainy,1,0,34
2024-03-19,1,21,rainy,1,0,23
2024-03-20,2,11,rainy,0,0,6
2024-03-20,2,12,rainy,0,0,19
2024-03-20,2,13,rainy,0,0,25
2024-03-20,2,14,rainy,0,0,15
2024-03-20,2,15,rainy,0,0,8
2024-03-20,2,16,rainy,0,0,4
2024-03-20,2,17,rainy,0,0,9
2024-03-20,2,18,rainy,0,0,22
2024-03-20,2,19,rainy,0,0,30
2024-03-20,2,20,rainy,0,0,26
2024-03-20,2,21,rainy,0,0,14
2024-03-21,3,11,cloudy,1,0,8
2024-03-21,3,12,cloudy,1,0,24
2024-03-21,3,13,cloudy,1,0,37
2024-03-21,3,14,cloudy,1,0,29
2024-03-21,3,15,cloudy,1,0,15
2024-03-21,3,16,cloudy,1,0,9
2024-03-21,3,17,cloudy,1,0,16
2024-03-21,3,18,cloudy,1,0,46
2024-03-21,3,19,cloudy,1,0,49
2024-03-21,3,20,cloudy,1,0,43
2024-03-21,3,21,cloudy,1,0,18
2024-03-22,4,11,cloudy,1,0,13
2024-03-22,4,12,cloudy,1,0,38
2024-03-22,4,13,cloudy,1,0,38
2024-03-22,4,14,cloudy,1,0,25
2024-03-22,4,15,cloudy,1,0,13
2024-03-22,4,16,cloudy,1,0,9
2024-03-22,4,17,cloudy,1,0,20
2024-03-22,4,18,cloudy,1,0,35
2024-03-22,4,19,cloudy,1,0,62
2024-03-22,4,20,cloudy,1,0,50
2024-03-22,4,21,cloudy,1,0,30
2024-03-23,5,11,sunny,1,0,18
2024-03-23,5,12,sunny,1,0,46
2024-03-23,5,13,sunny,1,0,67
2024-03-23,5,14,sunny,1,0,41
2024-03-23,5,15,sunny,1,0,22
2024-03-23,5,16,sunny,1,0,11
2024-03-23,5,17,sunny,1,0,24
2024-03-23,5,18,sunny,1,0,72
2024-03-23,5,19,sunny,1,0,87
2024-03-23,5,20,sunny,1,0,82
2024-03-23,5,21,sunny,1,0,52
2024-03-24,6,11,stormy,0,0,6
2024-03-24,6,12,stormy,0,0,15
2024-03-24,6,13,stormy,0,0,18
2024-03-24,6,14,stormy,0,0,8
2024-03-24,6,15,stormy,0,0,7
2024-03-24,6,16,stormy,0,0,4
2024-03-24,6,17,stormy,0,0,8
2024-03-24,6,18,stormy,0,0,21
2024-03-24,6,19,stormy,0,0,27
2024-03-24,6,20,stormy,0,0,19
2024-03-24,6,21,stormy,0,0,12
2024-03-25,0,11,cloudy,0,0,8
2024-03-25,0,12,cloudy,0,0,22
2024-03-25,0,13,cloudy,0,0,31
2024-03-25,0,14,cloudy,0,0,16
2024-03-25,0,15,cloudy,0,0,10
2024-03-25,0,16,cloudy,0,0,5
2024-03-25,0,17,cloudy,0,0,13
2024-03-25,0,18,cloudy,0,0,30
2024-03-25,0,19,cloudy,0,0,41
2024-03-25,0,20,cloudy,0,0,31
2024-03-25,0,21,cloudy,0,0,21
2024-03-26,1,11,cloudy,0,0,7
2024-03-26,1,12,cloudy,0,0,22
2024-03-26,1,13,cloudy,0,0,30
2024-03-26,1,14,cloudy,0,0,16
2024-03-26,1,15,cloudy,0,0,6
2024-03-26,1,16,cloudy,0,0,6
2024-03-26,1,17,cloudy,0,0,13
2024-03-26,1,18,cloudy,0,0,23
2024-03-26,1,19,cloudy,0,0,37
2024-03-26,1,20,cloudy,0,0,41
2024-03-26,1,21,cloudy,0,0,23
2024-03-27,2,11,rainy,1,0,9
2024-03-27,2,12,rainy,1,0,23
2024-03-27,2,13,rainy,1,0,34
2024-03-27,2,14,rainy,1,0,17
2024-03-27,2,15,rainy,1,0,9
2024-03-27,2,16,rainy,1,0,7
2024-03-27,2,17,rainy,1,0,12
2024-03-27,2,18,rainy,1,0,37
2024-03-27,2,19,rainy,1,0,39
2024-03-27,2,20,rainy,1,0,37
2024-03-27,2,21,rainy,1,0,19
2024-03-28,3,11,stormy,0,0,4
2024-03-28,3,12,stormy,0,0,9
2024-03-28,3,13,stormy,0,0,14
2024-03-28,3,14,stormy,0,0,8
2024-03-28,3,15,stormy,0,0,5
2024-03-28,3,16,stormy,0,0,3
2024-03-28,3,17,stormy,0,0,5
2024-03-28,3,18,stormy,0,0,19
2024-03-28,3,19,stormy,0,0,28
2024-03-28,3,20,stormy,0,0,19
2024-03-28,3,21,stormy,0,0,10
2024-03-29,4,11,cloudy,0,0,11
2024-03-29,4,12,cloudy,0,0,24
2024-03-29,4,13,cloudy,0,0,35
2024-03-29,4,14,cloudy,0,0,20
2024-03-29,4,15,cloudy,0,0,10
2024-03-29,4,16,cloudy,0,0,5
2024-03-29,4,17,cloudy,0,0,12
2024-03-29,4,18,cloudy,0,0,29
2024-03-29,4,19,cloudy,0,0,44
2024-03-29,4,20,cloudy,0,0,35
2024-03-29,4,21,cloudy,0,0,18
2024-03-30,5,11,sunny,0,0,10
2024-03-30,5,12,sunny,0,0,34
2024-03-30,5,13,sunny,0,0,45
2024-03-30,5,14,sunny,0,0,22
2024-03-30,5,15,sunny,0,0,16
2024-03-30,5,16,sunny,0,0,8
2024-03-30,5,17,sunny,0,0,23
2024-03-30,5,18,sunny,0,0,51
2024-03-30,5,19,sunny,0,0,61
2024-03-30,5,20,sunny,0,0,51
2024-03-30,5,21,sunny,0,0,31
2024-03-31,6,11,sunny,0,0,12
2024-03-31,6,12,sunny,0,0,33
2024-03-31,6,13,sunny,0,0,38
2024-03-31,6,14,sunny,0,0,25
2024-03-31,6,15,sunny,0,0,11
2024-03-31,6,16,sunny,0,0,10
2024-03-31,6,17,sunny,0,0,18
2024-03-31,6,18,sunny,0,0,40
2024-03-31,6,19,sunny,0,0,73
2024-03-31,6,20,sunny,0,0,52
2024-03-31,6,21,sunny,0,0,26
2024-04-01,0,11,sunny,1,0,13
2024-04-01,0,12,sunny,1,0,35
2024-04-01,0,13,sunny,1,0,45
2024-04-01,0,14,sunny,1,0,26
2024-04-01,0,15,sunny,1,0,16
2024-04-01,0,16,sunny,1,0,9
2024-04-01,0,17,sunny,1,0,19
2024-04-01,0,18,sunny,1,0,35
2024-04-01,0,19,sunny,1,0,58
2024-04-01,0,20,sunny,1,0,65
2024-04-01,0,21,sunny,1,0,28
2024-04-02,1,11,cloudy,1,0,10
2024-04-02,1,12,cloudy,1,0,28
2024-04-02,1,13,cloudy,1,0,32
2024-04-02,1,14,cloudy,1,0,17
2024-04-02,1,15,cloudy,1,0,13
2024-04-02,1,16,cloudy,1,0,8
2024-04-02,1,17,cloudy,1,0,16
2024-04-02,1,18,cloudy,1,0,39
2024-04-02,1,19,cloudy,1,0,54
2024-04-02,1,20,cloudy,1,0,53
2024-04-02,1,21,cloudy,1,0,26
2024-04-03,2,11,sunny,1,0,13
2024-04-03,2,12,sunny,1,0,39
2024-04-03,2,13,sunny,1,0,40
2024-04-03,2,14,sunny,1,0,28
2024-04-03,2,15,sunny,1,0,16
2024-04-03,2,16,sunny,1,0,8
2024-04-03,2,17,sunny,1,0,18
2024-04-03,2,18,sunny,1,0,38
2024-04-03,2,19,sunny,1,0,48
2024-04-03,2,20,sunny,1,0,56
2024-04-03,2,21,sunny,1,0,29
2024-04-04,3,11,sunny,0,0,9
2024-04-04,3,12,sunny,0,0,25
2024-04-04,3,13,sunny,0,0,27
2024-04-04,3,14,sunny,0,0,24
2024-04-04,3,15,sunny,0,0,9
2024-04-04,3,16,sunny,0,0,6
2024-04-04,3,17,sunny,0,0,12
2024-04-04,3,18,sunny,0,0,36
2024-04-04,3,19,sunny,0,0,44
2024-04-04,3,20,sunny,0,0,37
2024-04-04,3,21,sunny,0,0,25
2024-04-05,4,11,rainy,1,0,9
2024-04-05,4,12,rainy,1,0,27
2024-04-05,4,13,rainy,1,0,29
2024-04-05,4,14,rainy,1,0,17
2024-04-05,4,15,rainy,1,0,12
2024-04-05,4,16,rainy,1,0,6
2024-04-05,4,17,rainy,1,0,15
2024-04-05,4,18,rainy,1,0,35
2024-04-05,4,19,rainy,1,0,48
2024-04-05,4,20,rainy,1,0,33
2024-04-05,4,21,rainy,1,0,29
2024-04-06,5,11,sunny,0,0,12
2024-04-06,5,12,sunny,0,0,38
2024-04-06,5,13,sunny,0,0,40
2024-04-06,5,14,sunny,0,0,30
2024-04-06,5,15,sunny,0,0,13
2024-04-06,5,16,sunny,0,0,10
2024-04-06,5,17,sunny,0,0,18
2024-04-06,5,18,sunny,0,0,48
2024-04-06,5,19,sunny,0,0,69
2024-04-06,5,20,sunny,0,0,48
2024-04-06,5,21,sunny,0,0,29
2024-04-07,6,11,sunny,0,0,12
2024-04-07,6,12,sunny,0,0,41
2024-04-07,6,13,sunny,0,0,41
2024-04-07,6,14,sunny,0,0,28
2024-04-07,6,15,sunny,0,0,14
2024-04-07,6,16,sunny,0,0,11
2024-04-07,6,17,sunny,0,0,14
2024-04-07,6,18,sunny,0,0,45
2024-04-07,6,19,sunny,0,0,48
2024-04-07,6,20,sunny,0,0,36
2024-04-07,6,21,sunny,0,0,30
2024-04-08,0,11,sunny,1,0,12
2024-04-08,0,12,sunny,1,0,46
2024-04-08,0,13,sunny,1,0,42
2024-04-08,0,14,sunny,1,0,29
2024-04-08,0,15,sunny,1,0,14
2024-04-08,0,16,sunny,1,0,9
2024-04-08,0,17,sunny,1,0,18
2024-04-08,0,18,sunny,1,0,44
2024-04-08,0,19,sunny,1,0,75
2024-04-08,0,20,sunny,1,0,62
2024-04-08,0,21,sunny,1,0,31
2024-04-09,1,11,cloudy,0,0,10
2024-04-09,1,12,cloudy,0,0,21
2024-04-09,1,13,cloudy,0,0,31
2024-04-09,1,14,cloudy,0,0,21
2024-04-09,1,15,cloudy,0,0,10
2024-04-09,1,16,cloudy,0,0,5
2024-04-09,1,17,cloudy,0,0,8
2024-04-09,1,18,cloudy,0,0,32
2024-04-09,1,19,cloudy,0,0,36
2024-04-09,1,20,cloudy,0,0,35
2024-04-09,1,21,cloudy,0,0,17
2024-04-10,2,11,stormy,0,0,4
2024-04-10,2,12,stormy,0,0,10
2024-04-10,2,13,stormy,0,0,17
2024-04-10,2,14,stormy,0,0,9
2024-04-10,2,15,stormy,0,0,4
2024-04-10,2,16,stormy,0,0,3
2024-04-10,2,17,stormy,0,0,6
2024-04-10,2,18,stormy,0,0,16
2024-04-10,2,19,stormy,0,0,25
2024-04-10,2,20,stormy,0,0,18
2024-04-10,2,21,stormy,0,0,10
2024-04-11,3,11,sunny,0,0,7
2024-04-11,3,12,sunny,0,0,27
2024-04-11,3,13,sunny,0,0,32
2024-04-11,3,14,sunny,0,0,19
2024-04-11,3,15,sunny,0,0,8
2024-04-11,3,16,sunny,0,0,8
2024-04-11,3,17,sunny,0,0,11
2024-04-11,3,18,sunny,0,0,32
2024-04-11,3,19,sunny,0,0,47
2024-04-11,3,20,sunny,0,0,34
2024-04-11,3,21,sunny,0,0,18
2024-04-12,4,11,sunny,0,0,7
2024-04-12,4,12,sunny,0,0,37
2024-04-12,4,13,sunny,0,0,31
2024-04-12,4,14,sunny,0,0,20
2024-04-12,4,15,sunny,0,0,11
2024-04-12,4,16,sunny,0,0,7
2024-04-12,4,17,sunny,0,0,14
2024-04-12,4,18,sunny,0,0,40
2024-04-12,4,19,sunny,0,0,44
2024-04-12,4,20,sunny,0,0,36
2024-04-12,4,21,sunny,0,0,19
2024-04-13,5,11,cloudy,0,0,10
2024-04-13,5,12,cloudy,0,0,28
2024-04-13,5,13,cloudy,0,0,45
2024-04-13,5,14,cloudy,0,0,28
2024-04-13,5,15,cloudy,0,0,13
2024-04-13,5,16,cloudy,0,0,6
2024-04-13,5,17,cloudy,0,0,15
2024-04-13,5,18,cloudy,0,0,38
2024-04-13,5,19,cloudy,0,0,51
2024-04-13,5,20,cloudy,0,0,44
2024-04-13,5,21,cloudy,0,0,25
2024-04-14,6,11,cloudy,1,0,13
2024-04-14,6,12,cloudy,1,0,40
2024-04-14,6,13,cloudy,1,0,43
2024-04-14,6,14,cloudy,1,0,36
2024-04-14,6,15,cloudy,1,0,15
2024-04-14,6,16,cloudy,1,0,8
2024-04-14,6,17,cloudy,1,0,22
2024-04-14,6,18,cloudy,1,0,47
2024-04-14,6,19,cloudy,1,0,72
2024-04-14,6,20,cloudy,1,0,43
2024-04-14,6,21,cloudy,1,0,40
2024-04-15,0,11,sunny,0,0,7
2024-04-15,0,12,sunny,0,0,30
2024-04-15,0,13,sunny,0,0,29
2024-04-15,0,14,sunny,0,0,18
2024-04-15,0,15,sunny,0,0,8
2024-04-15,0,16,sunny,0,0,6
2024-04-15,0,17,sunny,0,0,13
2024-04-15,0,18,sunny,0,0,37
2024-04-15,0,19,sunny,0,0,38
2024-04-15,0,20,sunny,0,0,32
2024-04-15,0,21,sunny,0,0,24
2024-04-16,1,11,cloudy,0,0,8
2024-04-16,1,12,cloudy,0,0,22
2024-04-16,1,13,cloudy,0,0,31
2024-04-16,1,14,cloudy,0,0,17
2024-04-16,1,15,cloudy,0,0,6
2024-04-16,1,16,cloudy,0,0,5
2024-04-16,1,17,cloudy,0,0,13
2024-04-16,1,18,cloudy,0,0,26
2024-04-16,1,19,cloudy,0,0,38
2024-04-16,1,20,cloudy,0,0,34
2024-04-16,1,21,cloudy,0,0,13
2024-04-17,2,11,cloudy,0,0,8
2024-04-17,2,12,cloudy,0,0,21
2024-04-17,2,13,cloudy,0,0,32
2024-04-17,2,14,cloudy,0,0,18
2024-04-17,2,15,cloudy,0,0,9
2024-04-17,2,16,cloudy,0,0,5
2024-04-17,2,17,cloudy,0,0,13
2024-04-17,2,18,cloudy,0,0,23
2024-04-17,2,19,cloudy,0,0,43
2024-04-17,2,20,cloudy,0,0,30
2024-04-17,2,21,cloudy,0,0,23
2024-04-18,3,11,sunny,0,0,9
2024-04-18,3,12,sunny,0,0,27
2024-04-18,3,13,sunny,0,0,32
2024-04-18,3,14,sunny,0,0,16
2024-04-18,3,15,sunny,0,0,10
2024-04-18,3,16,sunny,0,0,7
2024-04-18,3,17,sunny,0,0,14
2024-04-18,3,18,sunny,0,0,39
2024-04-18,3,19,sunny,0,0,48
2024-04-18,3,20,sunny,0,0,35
2024-04-18,3,21,sunny,0,0,20
2024-04-19,4,11,rainy,1,0,9
2024-04-19,4,12,rainy,1,0,18
2024-04-19,4,13,rainy,1,0,39
2024-04-19,4,14,rainy,1,0,22
2024-04-19,4,15,rainy,1,0,13
2024-04-19,4,16,rainy,1,0,5
2024-04-19,4,17,rainy,1,0,16
2024-04-19,4,18,rainy,1,0,45
2024-04-19,4,19,rainy,1,0,39
2024-04-19,4,20,rainy,1,0,45
2024-04-19,4,21,rainy,1,0,23
2024-04-20,5,11,rainy,0,0,7
2024-04-20,5,12,rainy,0,0,22
2024-04-20,5,13,rainy,0,0,35
2024-04-20,5,14,rainy,0,0,16
2024-04-20,5,15,rainy,0,0,9
2024-04-20,5,16,rainy,0,0,6
2024-04-20,5,17,rainy,0,0,13
2024-04-20,5,18,rainy,0,0,30
2024-04-20,5,19,rainy,0,0,49
2024-04-20,5,20,rainy,0,0,41
2024-04-20,5,21,rainy,0,0,24
2024-04-21,6,11,stormy,0,0,5
2024-04-21,6,12,stormy,0,0,19
2024-04-21,6,13,stormy,0,0,18
2024-04-21,6,14,stormy,0,0,16
2024-04-21,6,15,stormy,0,0,7
2024-04-21,6,16,stormy,0,0,3
2024-04-21,6,17,stormy,0,0,9
2024-04-21,6,18,stormy,0,0,21
2024-04-21,6,19,stormy,0,0,31
2024-04-21,6,20,stormy,0,0,28
2024-04-21,6,21,stormy,0,0,14
2024-04-22,0,11,cloudy,0,0,7
2024-04-22,0,12,cloudy,0,0,23
2024-04-22,0,13,cloudy,0,0,20
2024-04-22,0,14,cloudy,0,0,18
2024-04-22,0,15,cloudy,0,0,9
2024-04-22,0,16,cloudy,0,0,7
2024-04-22,0,17,cloudy,0,0,12
2024-04-22,0,18,cloudy,0,0,30
2024-04-22,0,19,cloudy,0,0,42
2024-04-22,0,20,cloudy,0,0,30
2024-04-22,0,21,cloudy,0,0,23
2024-04-23,1,11,sunny,0,0,11
2024-04-23,1,12,sunny,0,0,26
2024-04-23,1,13,sunny,0,0,38
2024-04-23,1,14,sunny,0,0,19
2024-04-23,1,15,sunny,0,0,10
2024-04-23,1,16,sunny,0,0,6
2024-04-23,1,17,sunny,0,0,14
2024-04-23,1,18,sunny,0,0,32
2024-04-23,1,19,sunny,0,0,48
2024-04-23,1,20,sunny,0,0,41
2024-04-23,1,21,sunny,0,0,20
2024-04-24,2,11,cloudy,0,0,8
2024-04-24,2,12,cloudy,0,0,25
2024-04-24,2,13,cloudy,0,0,23
2024-04-24,2,14,cloudy,0,0,19
2024-04-24,2,15,cloudy,0,0,8
2024-04-24,2,16,cloudy,0,0,5
2024-04-24,2,17,cloudy,0,0,11
2024-04-24,2,18,cloudy,0,0,26
2024-04-24,2,19,cloudy,0,0,37
2024-04-24,2,20,cloudy,0,0,34
2024-04-24,2,21,cloudy,0,0,22
2024-04-25,3,11,sunny,0,0,10
2024-04-25,3,12,sunny,0,0,22
2024-04-25,3,13,sunny,0,0,31
2024-04-25,3,14,sunny,0,0,21
2024-04-25,3,15,sunny,0,0,11
2024-04-25,3,16,sunny,0,0,7
2024-04-25,3,17,sunny,0,0,14
2024-04-25,3,18,sunny,0,0,30
2024-04-25,3,19,sunny,0,0,58
2024-04-25,3,20,sunny,0,0,41
2024-04-25,3,21,sunny,0,0,22
2024-04-26,4,11,stormy,0,0,5
2024-04-26,4,12,stormy,0,0,17
2024-04-26,4,13,stormy,0,0,16
2024-04-26,4,14,stormy,0,0,10
2024-04-26,4,15,stormy,0,0,6
2024-04-26,4,16,stormy,0,0,4
2024-04-26,4,17,stormy,0,0,5
2024-04-26,4,18,stormy,0,0,13
2024-04-26,4,19,stormy,0,0,22
2024-04-26,4,20,stormy,0,0,17
2024-04-26,4,21,stormy,0,0,11
2024-04-27,5,11,sunny,0,0,10
2024-04-27,5,12,sunny,0,0,35
2024-04-27,5,13,sunny,0,0,49
2024-04-27,5,14,sunny,0,0,23
2024-04-27,5,15,sunny,0,0,17
2024-04-27,5,16,sunny,0,0,10
2024-04-27,5,17,sunny,0,0,21
2024-04-27,5,18,sunny,0,0,55
2024-04-27,5,19,sunny,0,0,81
2024-04-27,5,20,sunny,0,0,53
2024-04-27,5,21,sunny,0,0,32
2024-04-28,6,11,rainy,0,0,7
2024-04-28,6,12,rainy,0,0,19
2024-04-28,6,13,rainy,0,0,26
2024-04-28,6,14,rainy,0,0,21
2024-04-28,6,15,rainy,0,0,11
2024-04-28,6,16,rainy,0,0,5
2024-04-28,6,17,rainy,0,0,13
2024-04-28,6,18,rainy,0,0,32
2024-04-28,6,19,rainy,0,0,49
2024-04-28,6,20,rainy,0,0,36
2024-04-28,6,21,rainy,0,0,23
2024-04-29,0,11,cloudy,0,0,8
2024-04-29,0,12,cloudy,0,0,23
2024-04-29,0,13,cloudy,0,0,26
2024-04-29,0,14,cloudy,0,0,23
2024-04-29,0,15,cloudy,0,0,10
2024-04-29,0,16,cloudy,0,0,5
2024-04-29,0,17,cloudy,0,0,10
2024-04-29,0,18,cloudy,0,0,33
2024-04-29,0,19,cloudy,0,0,44
2024-04-29,0,20,cloudy,0,0,32
2024-04-29,0,21,cloudy,0,0,21
2024-04-30,1,11,stormy,0,0,3
2024-04-30,1,12,stormy,0,0,14
2024-04-30,1,13,stormy,0,0,13
2024-04-30,1,14,stormy,0,0,8
2024-04-30,1,15,stormy,0,0,4
2024-04-30,1,16,stormy,0,0,2
2024-04-30,1,17,stormy,0,0,7
2024-04-30,1,18,stormy,0,0,19
2024-04-30,1,19,stormy,0,0,22
2024-04-30,1,20,stormy,0,0,22
2024-04-30,1,21,stormy,0,0,11
2024-05-01,2,11,sunny,0,0,8
2024-05-01,2,12,sunny,0,0,20
2024-05-01,2,13,sunny,0,0,33
2024-05-01,2,14,sunny,0,0,20
2024-05-01,2,15,sunny,0,0,12
2024-05-01,2,16,sunny,0,0,6
2024-05-01,2,17,sunny,0,0,13
2024-05-01,2,18,sunny,0,0,30
2024-05-01,2,19,sunny,0,0,46
2024-05-01,2,20,sunny,0,0,43
2024-05-01,2,21,sunny,0,0,19
2024-05-02,3,11,sunny,0,0,9
2024-05-02,3,12,sunny,0,0,26
2024-05-02,3,13,sunny,0,0,29
2024-05-02,3,14,sunny,0,0,19
2024-05-02,3,15,sunny,0,0,11
2024-05-02,3,16,sunny,0,0,5
2024-05-02,3,17,sunny,0,0,14
2024-05-02,3,18,sunny,0,0,30
2024-05-02,3,19,sunny,0,0,51
2024-05-02,3,20,sunny,0,0,51
2024-05-02,3,21,sunny,0,0,20
2024-05-03,4,11,sunny,0,0,11
2024-05-03,4,12,sunny,0,0,23
2024-05-03,4,13,sunny,0,0,37
2024-05-03,4,14,sunny,0,0,20
2024-05-03,4,15,sunny,0,0,12
2024-05-03,4,16,sunny,0,0,6
2024-05-03,4,17,sunny,0,0,16
2024-05-03,4,18,sunny,0,0,34
2024-05-03,4,19,sunny,0,0,53
2024-05-03,4,20,sunny,0,0,42
2024-05-03,4,21,sunny,0,0,24
2024-05-04,5,11,cloudy,1,0,15
2024-05-04,5,12,cloudy,1,0,49
2024-05-04,5,13,cloudy,1,0,47
2024-05-04,5,14,cloudy,1,0,38
2024-05-04,5,15,cloudy,1,0,22
2024-05-04,5,16,cloudy,1,0,10
2024-05-04,5,17,cloudy,1,0,18
2024-05-04,5,18,cloudy,1,0,58
2024-05-04,5,19,cloudy,1,0,70
2024-05-04,5,20,cloudy,1,0,80
2024-05-04,5,21,cloudy,1,0,37
2024-05-05,6,11,sunny,0,0,13
2024-05-05,6,12,sunny,0,0,30
2024-05-05,6,13,sunny,0,0,42
2024-05-05,6,14,sunny,0,0,29
2024-05-05,6,15,sunny,0,0,14
2024-05-05,6,16,sunny,0,0,8
2024-05-05,6,17,sunny,0,0,17
2024-05-05,6,18,sunny,0,0,48
2024-05-05,6,19,sunny,0,0,64
2024-05-05,6,20,sunny,0,0,50
2024-05-05,6,21,sunny,0,0,30
2024-05-06,0,11,cloudy,0,0,7
2024-05-06,0,12,cloudy,0,0,26
2024-05-06,0,13,cloudy,0,0,25
2024-05-06,0,14,cloudy,0,0,16
2024-05-06,0,15,cloudy,0,0,8
2024-05-06,0,16,cloudy,0,0,6
2024-05-06,0,17,cloudy,0,0,12
2024-05-06,0,18,cloudy,0,0,29
2024-05-06,0,19,cloudy,0,0,35
2024-05-06,0,20,cloudy,0,0,35
2024-05-06,0,21,cloudy,0,0,16
2024-05-07,1,11,sunny,0,0,9
2024-05-07,1,12,sunny,0,0,27
2024-05-07,1,13,sunny,0,0,27
2024-05-07,1,14,sunny,0,0,16
2024-05-07,1,15,sunny,0,0,13
2024-05-07,1,16,sunny,0,0,6
2024-05-07,1,17,sunny,0,0,15
2024-05-07,1,18,sunny,0,0,33
2024-05-07,1,19,sunny,0,0,45
2024-05-07,1,20,sunny,0,0,42
2024-05-07,1,21,sunny,0,0,20
2024-05-08,2,11,sunny,0,0,9
2024-05-08,2,12,sunny,0,0,26
2024-05-08,2,13,sunny,0,0,31
2024-05-08,2,14,sunny,0,0,20
2024-05-08,2,15,sunny,0,0,9
2024-05-08,2,16,sunny,0,0,8
2024-05-08,2,17,sunny,0,0,15
2024-05-08,2,18,sunny,0,0,38
2024-05-08,2,19,sunny,0,0,44
2024-05-08,2,20,sunny,0,0,31
2024-05-08,2,21,sunny,0,0,28
2024-05-09,3,11,sunny,0,0,9
2024-05-09,3,12,sunny,0,0,28
2024-05-09,3,13,sunny,0,0,32
2024-05-09,3,14,sunny,0,0,23
2024-05-09,3,15,sunny,0,0,12
2024-05-09,3,16,sunny,0,0,6
2024-05-09,3,17,sunny,0,0,12
2024-05-09,3,18,sunny,0,0,38
2024-05-09,3,19,sunny,0,0,31
2024-05-09,3,20,sunny,0,0,39
2024-05-09,3,21,sunny,0,0,19
2024-05-10,4,11,sunny,0,0,9
2024-05-10,4,12,sunny,0,0,25
2024-05-10,4,13,sunny,0,0,30
2024-05-10,4,14,sunny,0,0,29
2024-05-10,4,15,sunny,0,0,15
2024-05-10,4,16,sunny,0,0,6
2024-05-10,4,17,sunny,0,0,18
2024-05-10,4,18,sunny,0,0,36
2024-05-10,4,19,sunny,0,0,51
2024-05-10,4,20,sunny,0,0,43
2024-05-10,4,21,sunny,0,0,23
2024-05-11,5,11,cloudy,0,0,10
2024-05-11,5,12,cloudy,0,0,25
2024-05-11,5,13,cloudy,0,0,34
2024-05-11,5,14,cloudy,0,0,20
2024-05-11,5,15,cloudy,0,0,14
2024-05-11,5,16,cloudy,0,0,7
2024-05-11,5,17,cloudy,0,0,16
2024-05-11,5,18,cloudy,0,0,48
2024-05-11,5,19,cloudy,0,0,64
2024-05-11,5,20,cloudy,0,0,48
2024-05-11,5,21,cloudy,0,0,27
2024-05-12,6,11,sunny,0,0,14
2024-05-12,6,12,sunny,0,0,27
2024-05-12,6,13,sunny,0,0,43
2024-05-12,6,14,sunny,0,0,29
2024-05-12,6,15,sunny,0,0,13
2024-05-12,6,16,sunny,0,0,9
2024-05-12,6,17,sunny,0,0,17
2024-05-12,6,18,sunny,0,0,43
2024-05-12,6,19,sunny,0,0,41
2024-05-12,6,20,sunny,0,0,50
2024-05-12,6,21,sunny,0,0,33
2024-05-13,0,11,cloudy,1,0,9
2024-05-13,0,12,cloudy,1,0,30
2024-05-13,0,13,cloudy,1,0,36
2024-05-13,0,14,cloudy,1,0,21
2024-05-13,0,15,cloudy,1,0,15
2024-05-13,0,16,cloudy,1,0,9
2024-05-13,0,17,cloudy,1,0,15
2024-05-13,0,18,cloudy,1,0,42
2024-05-13,0,19,cloudy,1,0,57
2024-05-13,0,20,cloudy,1,0,50
2024-05-13,0,21,cloudy,1,0,21
2024-05-14,1,11,sunny,0,0,10
2024-05-14,1,12,sunny,0,0,33
2024-05-14,1,13,sunny,0,0,33
2024-05-14,1,14,sunny,0,0,19
2024-05-14,1,15,sunny,0,0,8
2024-05-14,1,16,sunny,0,0,8
2024-05-14,1,17,sunny,0,0,11
2024-05-14,1,18,sunny,0,0,30
2024-05-14,1,19,sunny,0,0,44
2024-05-14,1,20,sunny,0,0,47
2024-05-14,1,21,sunny,0,0,25
2024-05-15,2,11,stormy,0,0,4
2024-05-15,2,12,stormy,0,0,12
2024-05-15,2,13,stormy,0,0,15
2024-05-15,2,14,stormy,0,0,11
2024-05-15,2,15,stormy,0,0,6
2024-05-15,2,16,stormy,0,0,3
2024-05-15,2,17,stormy,0,0,6
2024-05-15,2,18,stormy,0,0,17
2024-05-15,2,19,stormy,0,0,21
2024-05-15,2,20,stormy,0,0,16
2024-05-15,2,21,stormy,0,0,10
2024-05-16,3,11,sunny,1,0,12
2024-05-16,3,12,sunny,1,0,37
2024-05-16,3,13,sunny,1,0,42
2024-05-16,3,14,sunny,1,0,23
2024-05-16,3,15,sunny,1,0,15
2024-05-16,3,16,sunny,1,0,9
2024-05-16,3,17,sunny,1,0,19
2024-05-16,3,18,sunny,1,0,51
2024-05-16,3,19,sunny,1,0,69
2024-05-16,3,20,sunny,1,0,50
2024-05-16,3,21,sunny,1,0,28
2024-05-17,4,11,cloudy,0,0,10
2024-05-17,4,12,cloudy,0,0,23
2024-05-17,4,13,cloudy,0,0,29
2024-05-17,4,14,cloudy,0,0,23
2024-05-17,4,15,cloudy,0,0,11
2024-05-17,4,16,cloudy,0,0,6
2024-05-17,4,17,cloudy,0,0,11
2024-05-17,4,18,cloudy,0,0,35
2024-05-17,4,19,cloudy,0,0,39
2024-05-17,4,20,cloudy,0,0,33
2024-05-17,4,21,cloudy,0,0,21
2024-05-18,5,11,sunny,0,0,11
2024-05-18,5,12,sunny,0,0,39
2024-05-18,5,13,sunny,0,0,51
2024-05-18,5,14,sunny,0,0,22
2024-05-18,5,15,sunny,0,0,17
2024-05-18,5,16,sunny,0,0,8
2024-05-18,5,17,sunny,0,0,21
2024-05-18,5,18,sunny,0,0,47
2024-05-18,5,19,sunny,0,0,64
2024-05-18,5,20,sunny,0,0,55
2024-05-18,5,21,sunny,0,0,36
2024-05-19,6,11,cloudy,0,0,11
2024-05-19,6,12,cloudy,0,0,31
2024-05-19,6,13,cloudy,0,0,46
2024-05-19,6,14,cloudy,0,0,21
2024-05-19,6,15,cloudy,0,0,14
2024-05-19,6,16,cloudy,0,0,7
2024-05-19,6,17,cloudy,0,0,17
2024-05-19,6,18,cloudy,0,0,38
2024-05-19,6,19,cloudy,0,0,49
2024-05-19,6,20,cloudy,0,0,52
2024-05-19,6,21,cloudy,0,0,24
2024-05-20,0,11,rainy,0,0,5
2024-05-20,0,12,rainy,0,0,20
2024-05-20,0,13,rainy,0,0,22
2024-05-20,0,14,rainy,0,0,16
2024-05-20,0,15,rainy,0,0,6
2024-05-20,0,16,rainy,0,0,4
2024-05-20,0,17,rainy,0,0,9
2024-05-20,0,18,rainy,0,0,23
2024-05-20,0,19,rainy,0,0,32
2024-05-20,0,20,rainy,0,0,30
2024-05-20,0,21,rainy,0,0,15
2024-05-21,1,11,sunny,0,0,8
2024-05-21,1,12,sunny,0,0,24
2024-05-21,1,13,sunny,0,0,31
2024-05-21,1,14,sunny,0,0,20
2024-05-21,1,15,sunny,0,0,11
2024-05-21,1,16,sunny,0,0,6
2024-05-21,1,17,sunny,0,0,13
2024-05-21,1,18,sunny,0,0,39
2024-05-21,1,19,sunny,0,0,39
2024-05-21,1,20,sunny,0,0,36
2024-05-21,1,21,sunny,0,0,30
2024-05-22,2,11,cloudy,0,0,7
2024-05-22,2,12,cloudy,0,0,16
2024-05-22,2,13,cloudy,0,0,27
2024-05-22,2,14,cloudy,0,0,22
2024-05-22,2,15,cloudy,0,0,8
2024-05-22,2,16,cloudy,0,0,4
2024-05-22,2,17,cloudy,0,0,9
2024-05-22,2,18,cloudy,0,0,33
2024-05-22,2,19,cloudy,0,0,45
2024-05-22,2,20,cloudy,0,0,32
2024-05-22,2,21,cloudy,0,0,21
2024-05-23,3,11,cloudy,0,0,7
2024-05-23,3,12,cloudy,0,0,15
2024-05-23,3,13,cloudy,0,0,25
2024-05-23,3,14,cloudy,0,0,17
2024-05-23,3,15,cloudy,0,0,9
2024-05-23,3,16,cloudy,0,0,5
2024-05-23,3,17,cloudy,0,0,13
2024-05-23,3,18,cloudy,0,0,34
2024-05-23,3,19,cloudy,0,0,39
2024-05-23,3,20,cloudy,0,0,39
2024-05-23,3,21,cloudy,0,0,20
2024-05-24,4,11,cloudy,0,0,8
2024-05-24,4,12,cloudy,0,0,30
2024-05-24,4,13,cloudy,0,0,25
2024-05-24,4,14,cloudy,0,0,18
2024-05-24,4,15,cloudy,0,0,10
2024-05-24,4,16,cloudy,0,0,6
2024-05-24,4,17,cloudy,0,0,15
2024-05-24,4,18,cloudy,0,0,32
2024-05-24,4,19,cloudy,0,0,36
2024-05-24,4,20,cloudy,0,0,42
2024-05-24,4,21,cloudy,0,0,23
2024-05-25,5,11,cloudy,0,0,9
2024-05-25,5,12,cloudy,0,0,28
2024-05-25,5,13,cloudy,0,0,34
2024-05-25,5,14,cloudy,0,0,27
2024-05-25,5,15,cloudy,0,0,14
2024-05-25,5,16,cloudy,0,0,7
2024-05-25,5,17,cloudy,0,0,18
2024-05-25,5,18,cloudy,0,0,34
2024-05-25,5,19,cloudy,0,0,58
2024-05-25,5,20,cloudy,0,0,44
2024-05-25,5,21,cloudy,0,0,26
2024-05-26,6,11,rainy,0,0,8
2024-05-26,6,12,rainy,0,0,22
2024-05-26,6,13,rainy,0,0,30
2024-05-26,6,14,rainy,0,0,17
2024-05-26,6,15,rainy,0,0,10
2024-05-26,6,16,rainy,0,0,6
2024-05-26,6,17,rainy,0,0,12
2024-05-26,6,18,rainy,0,0,24
2024-05-26,6,19,rainy,0,0,43
2024-05-26,6,20,rainy,0,0,37
2024-05-26,6,21,rainy,0,0,19
2024-05-27,0,11,cloudy,0,0,8
2024-05-27,0,12,cloudy,0,0,21
2024-05-27,0,13,cloudy,0,0,24
2024-05-27,0,14,cloudy,0,0,16
2024-05-27,0,15,cloudy,0,0,11
2024-05-27,0,16,cloudy,0,0,6
2024-05-27,0,17,cloudy,0,0,11
2024-05-27,0,18,cloudy,0,0,31
2024-05-27,0,19,cloudy,0,0,36
2024-05-27,0,20,cloudy,0,0,41
2024-05-27,0,21,cloudy,0,0,23
2024-05-28,1,11,stormy,0,0,4
2024-05-28,1,12,stormy,0,0,11
2024-05-28,1,13,stormy,0,0,10
2024-05-28,1,14,stormy,0,0,8
2024-05-28,1,15,stormy,0,0,4
2024-05-28,1,16,stormy,0,0,3
2024-05-28,1,17,stormy,0,0,6
2024-05-28,1,18,stormy,0,0,13
2024-05-28,1,19,stormy,0,0,21
2024-05-28,1,20,stormy,0,0,20
2024-05-28,1,21,stormy,0,0,11
2024-05-29,2,11,cloudy,0,0,6
2024-05-29,2,12,cloudy,0,0,24
2024-05-29,2,13,cloudy,0,0,30
2024-05-29,2,14,cloudy,0,0,16
2024-05-29,2,15,cloudy,0,0,9
2024-05-29,2,16,cloudy,0,0,5
2024-05-29,2,17,cloudy,0,0,8
2024-05-29,2,18,cloudy,0,0,31
2024-05-29,2,19,cloudy,0,0,38
2024-05-29,2,20,cloudy,0,0,39
2024-05-29,2,21,cloudy,0,0,17
2024-05-30,3,11,sunny,0,0,8
2024-05-30,3,12,sunny,0,0,21
2024-05-30,3,13,sunny,0,0,36
2024-05-30,3,14,sunny,0,0,18
2024-05-30,3,15,sunny,0,0,11
2024-05-30,3,16,sunny,0,0,6
2024-05-30,3,17,sunny,0,0,11
2024-05-30,3,18,sunny,0,0,33
2024-05-30,3,19,sunny,0,0,49
2024-05-30,3,20,sunny,0,0,34
2024-05-30,3,21,sunny,0,0,25
2024-05-31,4,11,sunny,1,0,12
2024-05-31,4,12,sunny,1,0,35
2024-05-31,4,13,sunny,1,0,50
2024-05-31,4,14,sunny,1,0,28
2024-05-31,4,15,sunny,1,0,17
2024-05-31,4,16,sunny,1,0,9
2024-05-31,4,17,sunny,1,0,20
2024-05-31,4,18,sunny,1,0,36
2024-05-31,4,19,sunny,1,0,53
2024-05-31,4,20,sunny,1,0,64
2024-05-31,4,21,sunny,1,0,38
2024-06-01,5,11,rainy,0,0,7
2024-06-01,5,12,rainy,0,0,26
2024-06-01,5,13,rainy,0,0,23
2024-06-01,5,14,rainy,0,0,18
2024-06-01,5,15,rainy,0,0,10
2024-06-01,5,16,rainy,0,0,7
2024-06-01,5,17,rainy,0,0,17
2024-06-01,5,18,rainy,0,0,32
2024-06-01,5,19,rainy,0,0,37
2024-06-01,5,20,rainy,0,0,41
2024-06-01,5,21,rainy,0,0,25
2024-06-02,6,11,sunny,0,0,13
2024-06-02,6,12,sunny,0,0,35
2024-06-02,6,13,sunny,0,0,36
2024-06-02,6,14,sunny,0,0,28
2024-06-02,6,15,sunny,0,0,16
2024-06-02,6,16,sunny,0,0,10
2024-06-02,6,17,sunny,0,0,17
2024-06-02,6,18,sunny,0,0,42
2024-06-02,6,19,sunny,0,0,68
2024-06-02,6,20,sunny,0,0,44
2024-06-02,6,21,sunny,0,0,31
2024-06-03,0,11,stormy,0,0,3
2024-06-03,0,12,stormy,0,0,13
2024-06-03,0,13,stormy,0,0,14
2024-06-03,0,14,stormy,0,0,11
2024-06-03,0,15,stormy,0,0,5
2024-06-03,0,16,stormy,0,0,2
2024-06-03,0,17,stormy,0,0,7
2024-06-03,0,18,stormy,0,0,19
2024-06-03,0,19,stormy,0,0,24
2024-06-03,0,20,stormy,0,0,17
2024-06-03,0,21,stormy,0,0,10
2024-06-04,1,11,sunny,0,0,11
2024-06-04,1,12,sunny,0,0,25
2024-06-04,1,13,sunny,0,0,21
2024-06-04,1,14,sunny,0,0,21
2024-06-04,1,15,sunny,0,0,11
2024-06-04,1,16,sunny,0,0,6
2024-06-04,1,17,sunny,0,0,13
2024-06-04,1,18,sunny,0,0,37
2024-06-04,1,19,sunny,0,0,52
2024-06-04,1,20,sunny,0,0,41
2024-06-04,1,21,sunny,0,0,22
2024-06-05,2,11,sunny,0,0,9
2024-06-05,2,12,sunny,0,0,27
2024-06-05,2,13,sunny,0,0,33
2024-06-05,2,14,sunny,0,0,24
2024-06-05,2,15,sunny,0,0,13
2024-06-05,2,16,sunny,0,0,6
2024-06-05,2,17,sunny,0,0,15
2024-06-05,2,18,sunny,0,0,30
2024-06-05,2,19,sunny,0,0,49
2024-06-05,2,20,sunny,0,0,37
2024-06-05,2,21,sunny,0,0,20
2024-06-06,3,11,cloudy,0,0,6
2024-06-06,3,12,cloudy,0,0,21
2024-06-06,3,13,cloudy,0,0,28
2024-06-06,3,14,cloudy,0,0,17
2024-06-06,3,15,cloudy,0,0,8
2024-06-06,3,16,cloudy,0,0,5
2024-06-06,3,17,cloudy,0,0,12
2024-06-06,3,18,cloudy,0,0,32
2024-06-06,3,19,cloudy,0,0,39
2024-06-06,3,20,cloudy,0,0,39
2024-06-06,3,21,cloudy,0,0,20
2024-06-07,4,11,sunny,0,0,9
2024-06-07,4,12,sunny,0,0,27
2024-06-07,4,13,sunny,0,0,40
2024-06-07,4,14,sunny,0,0,24
2024-06-07,4,15,sunny,0,0,14
2024-06-07,4,16,sunny,0,0,7
2024-06-07,4,17,sunny,0,0,17
2024-06-07,4,18,sunny,0,0,37
2024-06-07,4,19,sunny,0,0,59
2024-06-07,4,20,sunny,0,0,44
2024-06-07,4,21,sunny,0,0,27
2024-06-08,5,11,cloudy,0,0,11
2024-06-08,5,12,cloudy,0,0,35
2024-06-08,5,13,cloudy,0,0,38
2024-06-08,5,14,cloudy,0,0,21
2024-06-08,5,15,cloudy,0,0,17
2024-06-08,5,16,cloudy,0,0,7
2024-06-08,5,17,cloudy,0,0,17
2024-06-08,5,18,cloudy,0,0,47
2024-06-08,5,19,cloudy,0,0,51
2024-06-08,5,20,cloudy,0,0,43
2024-06-08,5,21,cloudy,0,0,28
2024-06-09,6,11,sunny,0,0,9
2024-06-09,6,12,sunny,0,0,31
2024-06-09,6,13,sunny,0,0,43
2024-06-09,6,14,sunny,0,0,26
2024-06-09,6,15,sunny,0,0,12
2024-06-09,6,16,sunny,0,0,10
2024-06-09,6,17,sunny,0,0,18
2024-06-09,6,18,sunny,0,0,52
2024-06-09,6,19,sunny,0,0,57
2024-06-09,6,20,sunny,0,0,46
2024-06-09,6,21,sunny,0,0,30
2024-06-10,0,11,sunny,0,0,10
2024-06-10,0,12,sunny,0,0,23
2024-06-10,0,13,sunny,0,0,25
2024-06-10,0,14,sunny,0,0,23
2024-06-10,0,15,sunny,0,0,10
2024-06-10,0,16,sunny,0,0,6
2024-06-10,0,17,sunny,0,0,10
2024-06-10,0,18,sunny,0,0,41
2024-06-10,0,19,sunny,0,0,38
2024-06-10,0,20,sunny,0,0,40
2024-06-10,0,21,sunny,0,0,25
2024-06-11,1,11,sunny,0,0,9
2024-06-11,1,12,sunny,0,0,22
2024-06-11,1,13,sunny,0,0,32
2024-06-11,1,14,sunny,0,0,18
2024-06-11,1,15,sunny,0,0,11
2024-06-11,1,16,sunny,0,0,7
2024-06-11,1,17,sunny,0,0,15
2024-06-11,1,18,sunny,0,0,29
2024-06-11,1,19,sunny,0,0,58
2024-06-11,1,20,sunny,0,0,43
2024-06-11,1,21,sunny,0,0,22
2024-06-12,2,11,cloudy,0,0,6
2024-06-12,2,12,cloudy,0,0,21
2024-06-12,2,13,cloudy,0,0,20
2024-06-12,2,14,cloudy,0,0,18
2024-06-12,2,15,cloudy,0,0,10
2024-06-12,2,16,cloudy,0,0,5
2024-06-12,2,17,cloudy,0,0,11
2024-06-12,2,18,cloudy,0,0,22
2024-06-12,2,19,cloudy,0,0,41
2024-06-12,2,20,cloudy,0,0,41
2024-06-12,2,21,cloudy,0,0,18
2024-06-13,3,11,cloudy,0,0,8
2024-06-13,3,12,cloudy,0,0,20
2024-06-13,3,13,cloudy,0,0,25
2024-06-13,3,14,cloudy,0,0,16
2024-06-13,3,15,cloudy,0,0,9
2024-06-13,3,16,cloudy,0,0,6
2024-06-13,3,17,cloudy,0,0,10
2024-06-13,3,18,cloudy,0,0,28
2024-06-13,3,19,cloudy,0,0,39
2024-06-13,3,20,cloudy,0,0,30
2024-06-13,3,21,cloudy,0,0,24
2024-06-14,4,11,sunny,0,0,8
2024-06-14,4,12,sunny,0,0,33
2024-06-14,4,13,sunny,0,0,37
2024-06-14,4,14,sunny,0,0,20
2024-06-14,4,15,sunny,0,0,14
2024-06-14,4,16,sunny,0,0,7
2024-06-14,4,17,sunny,0,0,15
2024-06-14,4,18,sunny,0,0,36
2024-06-14,4,19,sunny,0,0,46
2024-06-14,4,20,sunny,0,0,46
2024-06-14,4,21,sunny,0,0,23
2024-06-15,5,11,stormy,0,0,7
2024-06-15,5,12,stormy,0,0,14
2024-06-15,5,13,stormy,0,0,25
2024-06-15,5,14,stormy,0,0,13
2024-06-15,5,15,stormy,0,0,7
2024-06-15,5,16,stormy,0,0,5
2024-06-15,5,17,stormy,0,0,8
2024-06-15,5,18,stormy,0,0,25
2024-06-15,5,19,stormy,0,0,20
2024-06-15,5,20,stormy,0,0,24
2024-06-15,5,21,stormy,0,0,13
2024-06-16,6,11,cloudy,0,0,10
2024-06-16,6,12,cloudy,0,0,31
2024-06-16,6,13,cloudy,0,0,37
2024-06-16,6,14,cloudy,0,0,21
2024-06-16,6,15,cloudy,0,0,13
2024-06-16,6,16,cloudy,0,0,7
2024-06-16,6,17,cloudy,0,0,17
2024-06-16,6,18,cloudy,0,0,42
2024-06-16,6,19,cloudy,0,0,52
2024-06-16,6,20,cloudy,0,0,40
2024-06-16,6,21,cloudy,0,0,23
2024-06-17,0,11,rainy,0,0,5
2024-06-17,0,12,rainy,0,0,19
2024-06-17,0,13,rainy,0,0,22
2024-06-17,0,14,rainy,0,0,14
2024-06-17,0,15,rainy,0,0,8
2024-06-17,0,16,rainy,0,0,4
2024-06-17,0,17,rainy,0,0,8
2024-06-17,0,18,rainy,0,0,18
2024-06-17,0,19,rainy,0,0,29
2024-06-17,0,20,rainy,0,0,29
2024-06-17,0,21,rainy,0,0,14
2024-06-18,1,11,sunny,0,0,8
2024-06-18,1,12,sunny,0,0,26
2024-06-18,1,13,sunny,0,0,34
2024-06-18,1,14,sunny,0,0,18
2024-06-18,1,15,sunny,0,0,12
2024-06-18,1,16,sunny,0,0,7
2024-06-18,1,17,sunny,0,0,11
2024-06-18,1,18,sunny,0,0,31
2024-06-18,1,19,sunny,0,0,52
2024-06-18,1,20,sunny,0,0,39
2024-06-18,1,21,sunny,0,0,16
2024-06-19,2,11,sunny,0,0,7
2024-06-19,2,12,sunny,0,0,24
2024-06-19,2,13,sunny,0,0,32
2024-06-19,2,14,sunny,0,0,24
2024-06-19,2,15,sunny,0,0,11
2024-06-19,2,16,sunny,0,0,7
2024-06-19,2,17,sunny,0,0,16
2024-06-19,2,18,sunny,0,0,40
2024-06-19,2,19,sunny,0,0,47
2024-06-19,2,20,sunny,0,0,30
2024-06-19,2,21,sunny,0,0,24
2024-06-20,3,11,sunny,0,0,10
2024-06-20,3,12,sunny,0,0,25
2024-06-20,3,13,sunny,0,0,38
2024-06-20,3,14,sunny,0,0,22
2024-06-20,3,15,sunny,0,0,12
2024-06-20,3,16,sunny,0,0,7
2024-06-20,3,17,sunny,0,0,14
2024-06-20,3,18,sunny,0,0,24
2024-06-20,3,19,sunny,0,0,43
2024-06-20,3,20,sunny,0,0,46
2024-06-20,3,21,sunny,0,0,20
2024-06-21,4,11,stormy,1,0,6
2024-06-21,4,12,stormy,1,0,15
2024-06-21,4,13,stormy,1,0,27
2024-06-21,4,14,stormy,1,0,17
2024-06-21,4,15,stormy,1,0,7
2024-06-21,4,16,stormy,1,0,4
2024-06-21,4,17,stormy,1,0,9
2024-06-21,4,18,stormy,1,0,26
2024-06-21,4,19,stormy,1,0,34
2024-06-21,4,20,stormy,1,0,31
2024-06-21,4,21,stormy,1,0,16
2024-06-22,5,11,cloudy,0,0,8
2024-06-22,5,12,cloudy,0,0,29
2024-06-22,5,13,cloudy,0,0,31
2024-06-22,5,14,cloudy,0,0,20
2024-06-22,5,15,cloudy,0,0,12
2024-06-22,5,16,cloudy,0,0,7
2024-06-22,5,17,cloudy,0,0,14
2024-06-22,5,18,cloudy,0,0,44
2024-06-22,5,19,cloudy,0,0,52
2024-06-22,5,20,cloudy,0,0,47
2024-06-22,5,21,cloudy,0,0,31
2024-06-23,6,11,rainy,0,0,7
2024-06-23,6,12,rainy,0,0,17
2024-06-23,6,13,rainy,0,0,20
2024-06-23,6,14,rainy,0,0,19
2024-06-23,6,15,rainy,0,0,11
2024-06-23,6,16,rainy,0,0,7
2024-06-23,6,17,rainy,0,0,12
2024-06-23,6,18,rainy,0,0,34
2024-06-23,6,19,rainy,0,0,40
2024-06-23,6,20,rainy,0,0,37
2024-06-23,6,21,rainy,0,0,24
2024-06-24,0,11,cloudy,0,0,10
2024-06-24,0,12,cloudy,0,0,22
2024-06-24,0,13,cloudy,0,0,33
2024-06-24,0,14,cloudy,0,0,16
2024-06-24,0,15,cloudy,0,0,9
2024-06-24,0,16,cloudy,0,0,6
2024-06-24,0,17,cloudy,0,0,8
2024-06-24,0,18,cloudy,0,0,25
2024-06-24,0,19,cloudy,0,0,34
2024-06-24,0,20,cloudy,0,0,38
2024-06-24,0,21,cloudy,0,0,22
2024-06-25,1,11,cloudy,0,0,8
2024-06-25,1,12,cloudy,0,0,25
2024-06-25,1,13,cloudy,0,0,28
2024-06-25,1,14,cloudy,0,0,18
2024-06-25,1,15,cloudy,0,0,9
2024-06-25,1,16,cloudy,0,0,6
2024-06-25,1,17,cloudy,0,0,11
2024-06-25,1,18,cloudy,0,0,33
2024-06-25,1,19,cloudy,0,0,34
2024-06-25,1,20,cloudy,0,0,30
2024-06-25,1,21,cloudy,0,0,21
2024-06-26,2,11,sunny,0,0,10
2024-06-26,2,12,sunny,0,0,23
2024-06-26,2,13,sunny,0,0,31
2024-06-26,2,14,sunny,0,0,24
2024-06-26,2,15,sunny,0,0,13
2024-06-26,2,16,sunny,0,0,8
2024-06-26,2,17,sunny,0,0,13
2024-06-26,2,18,sunny,0,0,39
2024-06-26,2,19,sunny,0,0,40
2024-06-26,2,20,sunny,0,0,35
2024-06-26,2,21,sunny,0,0,16
2024-06-27,3,11,cloudy,1,0,12
2024-06-27,3,12,cloudy,1,0,26
2024-06-27,3,13,cloudy,1,0,40
2024-06-27,3,14,cloudy,1,0,23
2024-06-27,3,15,cloudy,1,0,11
2024-06-27,3,16,cloudy,1,0,8
2024-06-27,3,17,cloudy,1,0,13
2024-06-27,3,18,cloudy,1,0,36
2024-06-27,3,19,cloudy,1,0,40
2024-06-27,3,20,cloudy,1,0,39
2024-06-27,3,21,cloudy,1,0,27
2024-06-28,4,11,sunny,0,0,7
2024-06-28,4,12,sunny,0,0,22
2024-06-28,4,13,sunny,0,0,35
2024-06-28,4,14,sunny,0,0,21
2024-06-28,4,15,sunny,0,0,15
2024-06-28,4,16,sunny,0,0,9
2024-06-28,4,17,sunny,0,0,13
2024-06-28,4,18,sunny,0,0,40
2024-06-28,4,19,sunny,0,0,55
2024-06-28,4,20,sunny,0,0,41
2024-06-28,4,21,sunny,0,0,20
2024-06-29,5,11,sunny,0,0,12
2024-06-29,5,12,sunny,0,0,37
2024-06-29,5,13,sunny,0,0,41
2024-06-29,5,14,sunny,0,0,24
2024-06-29,5,15,sunny,0,0,16
2024-06-29,5,16,sunny,0,0,10
2024-06-29,5,17,sunny,0,0,16
2024-06-29,5,18,sunny,0,0,53
2024-06-29,5,19,sunny,0,0,50
2024-06-29,5,20,sunny,0,0,52
2024-06-29,5,21,sunny,0,0,31
2024-06-30,6,11,sunny,0,0,14
2024-06-30,6,12,sunny,0,0,29
2024-06-30,6,13,sunny,0,0,54
2024-06-30,6,14,sunny,0,0,28
2024-06-30,6,15,sunny,0,0,15
2024-06-30,6,16,sunny,0,0,9
2024-06-30,6,17,sunny,0,0,23
2024-06-30,6,18,sunny,0,0,39
2024-06-30,6,19,sunny,0,0,51
2024-06-30,6,20,sunny,0,0,47
2024-06-30,6,21,sunny,0,0,30
2024-07-01,0,11,rainy,0,0,5
2024-07-01,0,12,rainy,0,0,17
2024-07-01,0,13,rainy,0,0,21
2024-07-01,0,14,rainy,0,0,13
2024-07-01,0,15,rainy,0,0,8
2024-07-01,0,16,rainy,0,0,4
2024-07-01,0,17,rainy,0,0,11
2024-07-01,0,18,rainy,0,0,29
2024-07-01,0,19,rainy,0,0,32
2024-07-01,0,20,rainy,0,0,27
2024-07-01,0,21,rainy,0,0,17
2024-07-02,1,11,sunny,0,0,8
2024-07-02,1,12,sunny,0,0,21
2024-07-02,1,13,sunny,0,0,33
2024-07-02,1,14,sunny,0,0,22
2024-07-02,1,15,sunny,0,0,9
2024-07-02,1,16,sunny,0,0,6
2024-07-02,1,17,sunny,0,0,11
2024-07-02,1,18,sunny,0,0,30
2024-07-02,1,19,sunny,0,0,49
2024-07-02,1,20,sunny,0,0,36
2024-07-02,1,21,sunny,0,0,22
2024-07-03,2,11,sunny,0,0,7
2024-07-03,2,12,sunny,0,0,23
2024-07-03,2,13,sunny,0,0,31
2024-07-03,2,14,sunny,0,0,21
2024-07-03,2,15,sunny,0,0,10
2024-07-03,2,16,sunny,0,0,5
2024-07-03,2,17,sunny,0,0,16
2024-07-03,2,18,sunny,0,0,31
2024-07-03,2,19,sunny,0,0,45
2024-07-03,2,20,sunny,0,0,45
2024-07-03,2,21,sunny,0,0,32
2024-07-04,3,11,sunny,0,1,11
2024-07-04,3,12,sunny,0,1,39
2024-07-04,3,13,sunny,0,1,44
2024-07-04,3,14,sunny,0,1,29
2024-07-04,3,15,sunny,0,1,15
2024-07-04,3,16,sunny,0,1,8
2024-07-04,3,17,sunny,0,1,20
2024-07-04,3,18,sunny,0,1,42
2024-07-04,3,19,sunny,0,1,76
2024-07-04,3,20,sunny,0,1,60
2024-07-04,3,21,sunny,0,1,36
2024-07-05,4,11,rainy,0,0,6
2024-07-05,4,12,rainy,0,0,16
2024-07-05,4,13,rainy,0,0,23
2024-07-05,4,14,rainy,0,0,14
2024-07-05,4,15,rainy,0,0,7
2024-07-05,4,16,rainy,0,0,3
2024-07-05,4,17,rainy,0,0,12
2024-07-05,4,18,rainy,0,0,24
2024-07-05,4,19,rainy,0,0,40
2024-07-05,4,20,rainy,0,0,34
2024-07-05,4,21,rainy,0,0,14
2024-07-06,5,11,cloudy,0,0,13
2024-07-06,5,12,cloudy,0,0,30
2024-07-06,5,13,cloudy,0,0,40
2024-07-06,5,14,cloudy,0,0,23
2024-07-06,5,15,cloudy,0,0,14
2024-07-06,5,16,cloudy,0,0,7
2024-07-06,5,17,cloudy,0,0,12
2024-07-06,5,18,cloudy,0,0,35
2024-07-06,5,19,cloudy,0,0,56
2024-07-06,5,20,cloudy,0,0,42
2024-07-06,5,21,cloudy,0,0,27
2024-07-07,6,11,rainy,0,0,7
2024-07-07,6,12,rainy,0,0,23
2024-07-07,6,13,rainy,0,0,29
2024-07-07,6,14,rainy,0,0,20
2024-07-07,6,15,rainy,0,0,10
2024-07-07,6,16,rainy,0,0,7
2024-07-07,6,17,rainy,0,0,11
2024-07-07,6,18,rainy,0,0,29
2024-07-07,6,19,rainy,0,0,35
2024-07-07,6,20,rainy,0,0,34
2024-07-07,6,21,rainy,0,0,23
2024-07-08,0,11,cloudy,0,0,6
2024-07-08,0,12,cloudy,0,0,24
2024-07-08,0,13,cloudy,0,0,21
2024-07-08,0,14,cloudy,0,0,19
2024-07-08,0,15,cloudy,0,0,9
2024-07-08,0,16,cloudy,0,0,6
2024-07-08,0,17,cloudy,0,0,10
2024-07-08,0,18,cloudy,0,0,34
2024-07-08,0,19,cloudy,0,0,32
2024-07-08,0,20,cloudy,0,0,32
2024-07-08,0,21,cloudy,0,0,17
2024-07-09,1,11,rainy,0,0,5
2024-07-09,1,12,rainy,0,0,23
2024-07-09,1,13,rainy,0,0,22
2024-07-09,1,14,rainy,0,0,16
2024-07-09,1,15,rainy,0,0,8
2024-07-09,1,16,rainy,0,0,5
2024-07-09,1,17,rainy,0,0,9
2024-07-09,1,18,rainy,0,0,24
2024-07-09,1,19,rainy,0,0,34
2024-07-09,1,20,rainy,0,0,26
2024-07-09,1,21,rainy,0,0,15
2024-07-10,2,11,stormy,0,0,3
2024-07-10,2,12,stormy,0,0,12
2024-07-10,2,13,stormy,0,0,18
2024-07-10,2,14,stormy,0,0,11
2024-07-10,2,15,stormy,0,0,6
2024-07-10,2,16,stormy,0,0,3
2024-07-10,2,17,stormy,0,0,6
2024-07-10,2,18,stormy,0,0,18
2024-07-10,2,19,stormy,0,0,26
2024-07-10,2,20,stormy,0,0,14
2024-07-10,2,21,stormy,0,0,9
2024-07-11,3,11,stormy,0,0,5
2024-07-11,3,12,stormy,0,0,11
2024-07-11,3,13,stormy,0,0,14
2024-07-11,3,14,stormy,0,0,8
2024-07-11,3,15,stormy,0,0,5
2024-07-11,3,16,stormy,0,0,2
2024-07-11,3,17,stormy,0,0,8
2024-07-11,3,18,stormy,0,0,16
2024-07-11,3,19,stormy,0,0,21
2024-07-11,3,20,stormy,0,0,20
2024-07-11,3,21,stormy,0,0,12
2024-07-12,4,11,rainy,0,0,6
2024-07-12,4,12,rainy,0,0,18
2024-07-12,4,13,rainy,0,0,26
2024-07-12,4,14,rainy,0,0,14
2024-07-12,4,15,rainy,0,0,8
2024-07-12,4,16,rainy,0,0,5
2024-07-12,4,17,rainy,0,0,11
2024-07-12,4,18,rainy,0,0,20
2024-07-12,4,19,rainy,0,0,38
2024-07-12,4,20,rainy,0,0,29
2024-07-12,4,21,rainy,0,0,19
2024-07-13,5,11,cloudy,0,0,12
2024-07-13,5,12,cloudy,0,0,35
2024-07-13,5,13,cloudy,0,0,45
2024-07-13,5,14,cloudy,0,0,26
2024-07-13,5,15,cloudy,0,0,14
2024-07-13,5,16,cloudy,0,0,9
2024-07-13,5,17,cloudy,0,0,18
2024-07-13,5,18,cloudy,0,0,40
2024-07-13,5,19,cloudy,0,0,58
2024-07-13,5,20,cloudy,0,0,48
2024-07-13,5,21,cloudy,0,0,25
2024-07-14,6,11,cloudy,0,0,12
2024-07-14,6,12,cloudy,0,0,23
2024-07-14,6,13,cloudy,0,0,33
2024-07-14,6,14,cloudy,0,0,23
2024-07-14,6,15,cloudy,0,0,14
2024-07-14,6,16,cloudy,0,0,8
2024-07-14,6,17,cloudy,0,0,16
2024-07-14,6,18,cloudy,0,0,33
2024-07-14,6,19,cloudy,0,0,44
2024-07-14,6,20,cloudy,0,0,47
2024-07-14,6,21,cloudy,0,0,21
2024-07-15,0,11,sunny,0,0,8
2024-07-15,0,12,sunny,0,0,30
2024-07-15,0,13,sunny,0,0,36
2024-07-15,0,14,sunny,0,0,16
2024-07-15,0,15,sunny,0,0,10
2024-07-15,0,16,sunny,0,0,5
2024-07-15,0,17,sunny,0,0,12
2024-07-15,0,18,sunny,0,0,37
2024-07-15,0,19,sunny,0,0,43
2024-07-15,0,20,sunny,0,0,42
2024-07-15,0,21,sunny,0,0,18
2024-07-16,1,11,sunny,0,0,9
2024-07-16,1,12,sunny,0,0,25
2024-07-16,1,13,sunny,0,0,27
2024-07-16,1,14,sunny,0,0,17
2024-07-16,1,15,sunny,0,0,12
2024-07-16,1,16,sunny,0,0,7
2024-07-16,1,17,sunny,0,0,15
2024-07-16,1,18,sunny,0,0,35
2024-07-16,1,19,sunny,0,0,46
2024-07-16,1,20,sunny,0,0,31
2024-07-16,1,21,sunny,0,0,22
2024-07-17,2,11,cloudy,0,0,7
2024-07-17,2,12,cloudy,0,0,26
2024-07-17,2,13,cloudy,0,0,30
2024-07-17,2,14,cloudy,0,0,16
2024-07-17,2,15,cloudy,0,0,10
2024-07-17,2,16,cloudy,0,0,6
2024-07-17,2,17,cloudy,0,0,10
2024-07-17,2,18,cloudy,0,0,28
2024-07-17,2,19,cloudy,0,0,39
2024-07-17,2,20,cloudy,0,0,41
2024-07-17,2,21,cloudy,0,0,15
2024-07-18,3,11,sunny,0,0,7
2024-07-18,3,12,sunny,0,0,28
2024-07-18,3,13,sunny,0,0,35
2024-07-18,3,14,sunny,0,0,23
2024-07-18,3,15,sunny,0,0,12
2024-07-18,3,16,sunny,0,0,8
2024-07-18,3,17,sunny,0,0,14
2024-07-18,3,18,sunny,0,0,33
2024-07-18,3,19,sunny,0,0,47
2024-07-18,3,20,sunny,0,0,46
2024-07-18,3,21,sunny,0,0,20
2024-07-19,4,11,sunny,0,0,9
2024-07-19,4,12,sunny,0,0,28
2024-07-19,4,13,sunny,0,0,27
2024-07-19,4,14,sunny,0,0,22
2024-07-19,4,15,sunny,0,0,13
2024-07-19,4,16,sunny,0,0,7
2024-07-19,4,17,sunny,0,0,18
2024-07-19,4,18,sunny,0,0,31
2024-07-19,4,19,sunny,0,0,57
2024-07-19,4,20,sunny,0,0,47
2024-07-19,4,21,sunny,0,0,20
2024-07-20,5,11,cloudy,0,0,10
2024-07-20,5,12,cloudy,0,0,25
2024-07-20,5,13,cloudy,0,0,38
2024-07-20,5,14,cloudy,0,0,24
2024-07-20,5,15,cloudy,0,0,14
2024-07-20,5,16,cloudy,0,0,8
2024-07-20,5,17,cloudy,0,0,18
2024-07-20,5,18,cloudy,0,0,40
2024-07-20,5,19,cloudy,0,0,42
2024-07-20,5,20,cloudy,0,0,48
2024-07-20,5,21,cloudy,0,0,20
2024-07-21,6,11,cloudy,0,0,10
2024-07-21,6,12,cloudy,0,0,33
2024-07-21,6,13,cloudy,0,0,32
2024-07-21,6,14,cloudy,0,0,26
2024-07-21,6,15,cloudy,0,0,12
2024-07-21,6,16,cloudy,0,0,9
2024-07-21,6,17,cloudy,0,0,14
2024-07-21,6,18,cloudy,0,0,35
2024-07-21,6,19,cloudy,0,0,56
2024-07-21,6,20,cloudy,0,0,43
2024-07-21,6,21,cloudy,0,0,23
2024-07-22,0,11,stormy,0,0,4
2024-07-22,0,12,stormy,0,0,12
2024-07-22,0,13,stormy,0,0,17
2024-07-22,0,14,stormy,0,0,7
2024-07-22,0,15,stormy,0,0,5
2024-07-22,0,16,stormy,0,0,3
2024-07-22,0,17,stormy,0,0,6
2024-07-22,0,18,stormy,0,0,19
2024-07-22,0,19,stormy,0,0,21
2024-07-22,0,20,stormy,0,0,18
2024-07-22,0,21,stormy,0,0,11
2024-07-23,1,11,rainy,0,0,6
2024-07-23,1,12,rainy,0,0,16
2024-07-23,1,13,rainy,0,0,20
2024-07-23,1,14,rainy,0,0,13
2024-07-23,1,15,rainy,0,0,9
2024-07-23,1,16,rainy,0,0,2
2024-07-23,1,17,rainy,0,0,10
2024-07-23,1,18,rainy,0,0,24
2024-07-23,1,19,rainy,0,0,25
2024-07-23,1,20,rainy,0,0,29
2024-07-23,1,21,rainy,0,0,16
2024-07-24,2,11,cloudy,0,0,9
2024-07-24,2,12,cloudy,0,0,20
2024-07-24,2,13,cloudy,0,0,30
2024-07-24,2,14,cloudy,0,0,19
2024-07-24,2,15,cloudy,0,0,8
2024-07-24,2,16,cloudy,0,0,6
2024-07-24,2,17,cloudy,0,0,11
2024-07-24,2,18,cloudy,0,0,22
2024-07-24,2,19,cloudy,0,0,45
2024-07-24,2,20,cloudy,0,0,31
2024-07-24,2,21,cloudy,0,0,17
2024-07-25,3,11,sunny,0,0,8
2024-07-25,3,12,sunny,0,0,26
2024-07-25,3,13,sunny,0,0,27
2024-07-25,3,14,sunny,0,0,18
2024-07-25,3,15,sunny,0,0,11
2024-07-25,3,16,sunny,0,0,8
2024-07-25,3,17,sunny,0,0,13
2024-07-25,3,18,sunny,0,0,38
2024-07-25,3,19,sunny,0,0,46
2024-07-25,3,20,sunny,0,0,37
2024-07-25,3,21,sunny,0,0,22
2024-07-26,4,11,stormy,0,0,5
2024-07-26,4,12,stormy,0,0,13
2024-07-26,4,13,stormy,0,0,19
2024-07-26,4,14,stormy,0,0,9
2024-07-26,4,15,stormy,0,0,5
2024-07-26,4,16,stormy,0,0,3
2024-07-26,4,17,stormy,0,0,7
2024-07-26,4,18,stormy,0,0,17
2024-07-26,4,19,stormy,0,0,26
2024-07-26,4,20,stormy,0,0,18
2024-07-26,4,21,stormy,0,0,12
2024-07-27,5,11,cloudy,0,0,12
2024-07-27,5,12,cloudy,0,0,29
2024-07-27,5,13,cloudy,0,0,29
2024-07-27,5,14,cloudy,0,0,25
2024-07-27,5,15,cloudy,0,0,14
2024-07-27,5,16,cloudy,0,0,8
2024-07-27,5,17,cloudy,0,0,18
2024-07-27,5,18,cloudy,0,0,45
2024-07-27,5,19,cloudy,0,0,58
2024-07-27,5,20,cloudy,0,0,51
2024-07-27,5,21,cloudy,0,0,27
2024-07-28,6,11,cloudy,0,0,10
2024-07-28,6,12,cloudy,0,0,28
2024-07-28,6,13,cloudy,0,0,39
2024-07-28,6,14,cloudy,0,0,21
2024-07-28,6,15,cloudy,0,0,10
2024-07-28,6,16,cloudy,0,0,7
2024-07-28,6,17,cloudy,0,0,16
2024-07-28,6,18,cloudy,0,0,45
2024-07-28,6,19,cloudy,0,0,44
2024-07-28,6,20,cloudy,0,0,51
2024-07-28,6,21,cloudy,0,0,33
2024-07-29,0,11,cloudy,0,0,7
2024-07-29,0,12,cloudy,0,0,22
2024-07-29,0,13,cloudy,0,0,29
2024-07-29,0,14,cloudy,0,0,16
2024-07-29,0,15,cloudy,0,0,11
2024-07-29,0,16,cloudy,0,0,5
2024-07-29,0,17,cloudy,0,0,9
2024-07-29,0,18,cloudy,0,0,33
2024-07-29,0,19,cloudy,0,0,29
2024-07-29,0,20,cloudy,0,0,34
2024-07-29,0,21,cloudy,0,0,27
2024-07-30,1,11,sunny,0,0,9
2024-07-30,1,12,sunny,0,0,25
2024-07-30,1,13,sunny,0,0,32
2024-07-30,1,14,sunny,0,0,22
2024-07-30,1,15,sunny,0,0,10
2024-07-30,1,16,sunny,0,0,8
2024-07-30,1,17,sunny,0,0,14
2024-07-30,1,18,sunny,0,0,37
2024-07-30,1,19,sunny,0,0,42
2024-07-30,1,20,sunny,0,0,46
2024-07-30,1,21,sunny,0,0,22
2024-07-31,2,11,sunny,0,0,9
2024-07-31,2,12,sunny,0,0,27
2024-07-31,2,13,sunny,0,0,30
2024-07-31,2,14,sunny,0,0,18
2024-07-31,2,15,sunny,0,0,10
2024-07-31,2,16,sunny,0,0,7
2024-07-31,2,17,sunny,0,0,12
2024-07-31,2,18,sunny,0,0,34
2024-07-31,2,19,sunny,0,0,46
2024-07-31,2,20,sunny,0,0,30
2024-07-31,2,21,sunny,0,0,18
2024-08-01,3,11,sunny,0,0,10
2024-08-01,3,12,sunny,0,0,28
2024-08-01,3,13,sunny,0,0,34
2024-08-01,3,14,sunny,0,0,25
2024-08-01,3,15,sunny,0,0,11
2024-08-01,3,16,sunny,0,0,7
2024-08-01,3,17,sunny,0,0,12
2024-08-01,3,18,sunny,0,0,44
2024-08-01,3,19,sunny,0,0,56
2024-08-01,3,20,sunny,0,0,40
2024-08-01,3,21,sunny,0,0,24
2024-08-02,4,11,stormy,0,0,5
2024-08-02,4,12,stormy,0,0,13
2024-08-02,4,13,stormy,0,0,15
2024-08-02,4,14,stormy,0,0,12
2024-08-02,4,15,stormy,0,0,6
2024-08-02,4,16,stormy,0,0,3
2024-08-02,4,17,stormy,0,0,6
2024-08-02,4,18,stormy,0,0,14
2024-08-02,4,19,stormy,0,0,24
2024-08-02,4,20,stormy,0,0,23
2024-08-02,4,21,stormy,0,0,11
2024-08-03,5,11,sunny,0,0,11
2024-08-03,5,12,sunny,0,0,35
2024-08-03,5,13,sunny,0,0,44
2024-08-03,5,14,sunny,0,0,31
2024-08-03,5,15,sunny,0,0,14
2024-08-03,5,16,sunny,0,0,11
2024-08-03,5,17,sunny,0,0,23
2024-08-03,5,18,sunny,0,0,48
2024-08-03,5,19,sunny,0,0,74
2024-08-03,5,20,sunny,0,0,49
2024-08-03,5,21,sunny,0,0,36
2024-08-04,6,11,cloudy,0,0,11
2024-08-04,6,12,cloudy,0,0,18
2024-08-04,6,13,cloudy,0,0,33
2024-08-04,6,14,cloudy,0,0,21
2024-08-04,6,15,cloudy,0,0,11
2024-08-04,6,16,cloudy,0,0,7
2024-08-04,6,17,cloudy,0,0,14
2024-08-04,6,18,cloudy,0,0,35
2024-08-04,6,19,cloudy,0,0,45
2024-08-04,6,20,cloudy,0,0,41
2024-08-04,6,21,cloudy,0,0,29
2024-08-05,0,11,sunny,0,0,8
2024-08-05,0,12,sunny,0,0,26
2024-08-05,0,13,sunny,0,0,33
2024-08-05,0,14,sunny,0,0,13
2024-08-05,0,15,sunny,0,0,12
2024-08-05,0,16,sunny,0,0,8
2024-08-05,0,17,sunny,0,0,12
2024-08-05,0,18,sunny,0,0,30
2024-08-05,0,19,sunny,0,0,43
2024-08-05,0,20,sunny,0,0,36
2024-08-05,0,21,sunny,0,0,23
2024-08-06,1,11,cloudy,0,0,6
2024-08-06,1,12,cloudy,0,0,19
2024-08-06,1,13,cloudy,0,0,32
2024-08-06,1,14,cloudy,0,0,18
2024-08-06,1,15,cloudy,0,0,7
2024-08-06,1,16,cloudy,0,0,6
2024-08-06,1,17,cloudy,0,0,11
2024-08-06,1,18,cloudy,0,0,28
2024-08-06,1,19,cloudy,0,0,41
2024-08-06,1,20,cloudy,0,0,36
2024-08-06,1,21,cloudy,0,0,21
2024-08-07,2,11,cloudy,0,0,6
2024-08-07,2,12,cloudy,0,0,20
2024-08-07,2,13,cloudy,0,0,37
2024-08-07,2,14,cloudy,0,0,19
2024-08-07,2,15,cloudy,0,0,12
2024-08-07,2,16,cloudy,0,0,7
2024-08-07,2,17,cloudy,0,0,12
2024-08-07,2,18,cloudy,0,0,31
2024-08-07,2,19,cloudy,0,0,39
2024-08-07,2,20,cloudy,0,0,27
2024-08-07,2,21,cloudy,0,0,20
2024-08-08,3,11,rainy,0,0,7
2024-08-08,3,12,rainy,0,0,19
2024-08-08,3,13,rainy,0,0,19
2024-08-08,3,14,rainy,0,0,13
2024-08-08,3,15,rainy,0,0,7
2024-08-08,3,16,rainy,0,0,4
2024-08-08,3,17,rainy,0,0,8
2024-08-08,3,18,rainy,0,0,21
2024-08-08,3,19,rainy,0,0,37
2024-08-08,3,20,rainy,0,0,24
2024-08-08,3,21,rainy,0,0,16
2024-08-09,4,11,rainy,0,0,8
2024-08-09,4,12,rainy,0,0,21
2024-08-09,4,13,rainy,0,0,25
2024-08-09,4,14,rainy,0,0,15
2024-08-09,4,15,rainy,0,0,7
2024-08-09,4,16,rainy,0,0,6
2024-08-09,4,17,rainy,0,0,9
2024-08-09,4,18,rainy,0,0,28
2024-08-09,4,19,rainy,0,0,39
2024-08-09,4,20,rainy,0,0,28
2024-08-09,4,21,rainy,0,0,19
2024-08-10,5,11,cloudy,0,0,12
2024-08-10,5,12,cloudy,0,0,26
2024-08-10,5,13,cloudy,0,0,36
2024-08-10,5,14,cloudy,0,0,25
2024-08-10,5,15,cloudy,0,0,14
2024-08-10,5,16,cloudy,0,0,8
2024-08-10,5,17,cloudy,0,0,12
2024-08-10,5,18,cloudy,0,0,44
2024-08-10,5,19,cloudy,0,0,69
2024-08-10,5,20,cloudy,0,0,51
2024-08-10,5,21,cloudy,0,0,30
2024-08-11,6,11,sunny,0,0,12
2024-08-11,6,12,sunny,0,0,34
2024-08-11,6,13,sunny,0,0,46
2024-08-11,6,14,sunny,0,0,28
2024-08-11,6,15,sunny,0,0,14
2024-08-11,6,16,sunny,0,0,8
2024-08-11,6,17,sunny,0,0,17
2024-08-11,6,18,sunny,0,0,46
2024-08-11,6,19,sunny,0,0,57
2024-08-11,6,20,sunny,0,0,54
2024-08-11,6,21,sunny,0,0,31
2024-08-12,0,11,cloudy,0,0,8
2024-08-12,0,12,cloudy,0,0,18
2024-08-12,0,13,cloudy,0,0,26
2024-08-12,0,14,cloudy,0,0,18
2024-08-12,0,15,cloudy,0,0,7
2024-08-12,0,16,cloudy,0,0,6
2024-08-12,0,17,cloudy,0,0,12
2024-08-12,0,18,cloudy,0,0,31
2024-08-12,0,19,cloudy,0,0,46
2024-08-12,0,20,cloudy,0,0,32
2024-08-12,0,21,cloudy,0,0,21
2024-08-13,1,11,sunny,0,0,9
2024-08-13,1,12,sunny,0,0,24
2024-08-13,1,13,sunny,0,0,29
2024-08-13,1,14,sunny,0,0,24
2024-08-13,1,15,sunny,0,0,10
2024-08-13,1,16,sunny,0,0,7
2024-08-13,1,17,sunny,0,0,10
2024-08-13,1,18,sunny,0,0,39
2024-08-13,1,19,sunny,0,0,51
2024-08-13,1,20,sunny,0,0,40
2024-08-13,1,21,sunny,0,0,22
2024-08-14,2,11,cloudy,0,0,8
2024-08-14,2,12,cloudy,0,0,24
2024-08-14,2,13,cloudy,0,0,24
2024-08-14,2,14,cloudy,0,0,17
2024-08-14,2,15,cloudy,0,0,9
2024-08-14,2,16,cloudy,0,0,5
2024-08-14,2,17,cloudy,0,0,11
2024-08-14,2,18,cloudy,0,0,25
2024-08-14,2,19,cloudy,0,0,44
2024-08-14,2,20,cloudy,0,0,27
2024-08-14,2,21,cloudy,0,0,21
2024-08-15,3,11,sunny,0,0,9
2024-08-15,3,12,sunny,0,0,20
2024-08-15,3,13,sunny,0,0,32
2024-08-15,3,14,sunny,0,0,17
2024-08-15,3,15,sunny,0,0,12
2024-08-15,3,16,sunny,0,0,6
2024-08-15,3,17,sunny,0,0,13
2024-08-15,3,18,sunny,0,0,35
2024-08-15,3,19,sunny,0,0,41
2024-08-15,3,20,sunny,0,0,39
2024-08-15,3,21,sunny,0,0,18
2024-08-16,4,11,cloudy,0,0,9
2024-08-16,4,12,cloudy,0,0,24
2024-08-16,4,13,cloudy,0,0,33
2024-08-16,4,14,cloudy,0,0,15
2024-08-16,4,15,cloudy,0,0,12
2024-08-16,4,16,cloudy,0,0,7
2024-08-16,4,17,cloudy,0,0,12
2024-08-16,4,18,cloudy,0,0,37
2024-08-16,4,19,cloudy,0,0,42
2024-08-16,4,20,cloudy,0,0,36
2024-08-16,4,21,cloudy,0,0,23
2024-08-17,5,11,rainy,0,0,7
2024-08-17,5,12,rainy,0,0,21
2024-08-17,5,13,rainy,0,0,27
2024-08-17,5,14,rainy,0,0,21
2024-08-17,5,15,rainy,0,0,10
2024-08-17,5,16,rainy,0,0,5
2024-08-17,5,17,rainy,0,0,12
2024-08-17,5,18,rainy,0,0,33
2024-08-17,5,19,rainy,0,0,38
2024-08-17,5,20,rainy,0,0,33
2024-08-17,5,21,rainy,0,0,28
2024-08-18,6,11,sunny,0,0,10
2024-08-18,6,12,sunny,0,0,31
2024-08-18,6,13,sunny,0,0,44
2024-08-18,6,14,sunny,0,0,29
2024-08-18,6,15,sunny,0,0,14
2024-08-18,6,16,sunny,0,0,7
2024-08-18,6,17,sunny,0,0,20
2024-08-18,6,18,sunny,0,0,44
2024-08-18,6,19,sunny,0,0,72
2024-08-18,6,20,sunny,0,0,38
2024-08-18,6,21,sunny,0,0,30
2024-08-19,0,11,cloudy,0,0,7
2024-08-19,0,12,cloudy,0,0,22
2024-08-19,0,13,cloudy,0,0,26
2024-08-19,0,14,cloudy,0,0,17
2024-08-19,0,15,cloudy,0,0,9
2024-08-19,0,16,cloudy,0,0,5
2024-08-19,0,17,cloudy,0,0,13
2024-08-19,0,18,cloudy,0,0,31
2024-08-19,0,19,cloudy,0,0,41
2024-08-19,0,20,cloudy,0,0,38
2024-08-19,0,21,cloudy,0,0,19
2024-08-20,1,11,cloudy,1,0,9
2024-08-20,1,12,cloudy,1,0,25
2024-08-20,1,13,cloudy,1,0,35
2024-08-20,1,14,cloudy,1,0,22
2024-08-20,1,15,cloudy,1,0,16
2024-08-20,1,16,cloudy,1,0,5
2024-08-20,1,17,cloudy,1,0,15
2024-08-20,1,18,cloudy,1,0,48
2024-08-20,1,19,cloudy,1,0,54
2024-08-20,1,20,cloudy,1,0,51
2024-08-20,1,21,cloudy,1,0,27
2024-08-21,2,11,sunny,0,0,9
2024-08-21,2,12,sunny,0,0,22
2024-08-21,2,13,sunny,0,0,29
2024-08-21,2,14,sunny,0,0,19
2024-08-21,2,15,sunny,0,0,13
2024-08-21,2,16,sunny,0,0,8
2024-08-21,2,17,sunny,0,0,14
2024-08-21,2,18,sunny,0,0,32
2024-08-21,2,19,sunny,0,0,39
2024-08-21,2,20,sunny,0,0,42
2024-08-21,2,21,sunny,0,0,27
2024-08-22,3,11,cloudy,0,0,7
2024-08-22,3,12,cloudy,0,0,24
2024-08-22,3,13,cloudy,0,0,22
2024-08-22,3,14,cloudy,0,0,18
2024-08-22,3,15,cloudy,0,0,10
2024-08-22,3,16,cloudy,0,0,5
2024-08-22,3,17,cloudy,0,0,10
2024-08-22,3,18,cloudy,0,0,33
2024-08-22,3,19,cloudy,0,0,38
2024-08-22,3,20,cloudy,0,0,28
2024-08-22,3,21,cloudy,0,0,15
2024-08-23,4,11,cloudy,0,0,8
2024-08-23,4,12,cloudy,0,0,22
2024-08-23,4,13,cloudy,0,0,28
2024-08-23,4,14,cloudy,0,0,17
2024-08-23,4,15,cloudy,0,0,10
2024-08-23,4,16,cloudy,0,0,4
2024-08-23,4,17,cloudy,0,0,12
2024-08-23,4,18,cloudy,0,0,31
2024-08-23,4,19,cloudy,0,0,47
2024-08-23,4,20,cloudy,0,0,38
2024-08-23,4,21,cloudy,0,0,24
2024-08-24,5,11,cloudy,0,0,13
2024-08-24,5,12,cloudy,0,0,30
2024-08-24,5,13,cloudy,0,0,34
2024-08-24,5,14,cloudy,0,0,27
2024-08-24,5,15,cloudy,0,0,16
2024-08-24,5,16,cloudy,0,0,8
2024-08-24,5,17,cloudy,0,0,20
2024-08-24,5,18,cloudy,0,0,34
2024-08-24,5,19,cloudy,0,0,48
2024-08-24,5,20,cloudy,0,0,54
2024-08-24,5,21,cloudy,0,0,28
2024-08-25,6,11,cloudy,0,0,9
2024-08-25,6,12,cloudy,0,0,27
2024-08-25,6,13,cloudy,0,0,29
2024-08-25,6,14,cloudy,0,0,20
2024-08-25,6,15,cloudy,0,0,14
2024-08-25,6,16,cloudy,0,0,8
2024-08-25,6,17,cloudy,0,0,16
2024-08-25,6,18,cloudy,0,0,30
2024-08-25,6,19,cloudy,0,0,49
2024-08-25,6,20,cloudy,0,0,38
2024-08-25,6,21,cloudy,0,0,29
2024-08-26,0,11,cloudy,0,0,7
2024-08-26,0,12,cloudy,0,0,20
2024-08-26,0,13,cloudy,0,0,32
2024-08-26,0,14,cloudy,0,0,16
2024-08-26,0,15,cloudy,0,0,8
2024-08-26,0,16,cloudy,0,0,4
2024-08-26,0,17,cloudy,0,0,11
2024-08-26,0,18,cloudy,0,0,27
2024-08-26,0,19,cloudy,0,0,33
2024-08-26,0,20,cloudy,0,0,39
2024-08-26,0,21,cloudy,0,0,21
2024-08-27,1,11,rainy,0,0,6
2024-08-27,1,12,rainy,0,0,15
2024-08-27,1,13,rainy,0,0,19
2024-08-27,1,14,rainy,0,0,15
2024-08-27,1,15,rainy,0,0,8
2024-08-27,1,16,rainy,0,0,4
2024-08-27,1,17,rainy,0,0,8
2024-08-27,1,18,rainy,0,0,25
2024-08-27,1,19,rainy,0,0,29
2024-08-27,1,20,rainy,0,0,27
2024-08-27,1,21,rainy,0,0,18
2024-08-28,2,11,sunny,0,0,8
2024-08-28,2,12,sunny,0,0,28
2024-08-28,2,13,sunny,0,0,33
2024-08-28,2,14,sunny,0,0,20
2024-08-28,2,15,sunny,0,0,10
2024-08-28,2,16,sunny,0,0,7
2024-08-28,2,17,sunny,0,0,12
2024-08-28,2,18,sunny,0,0,35
2024-08-28,2,19,sunny,0,0,41
2024-08-28,2,20,sunny,0,0,35
2024-08-28,2,21,sunny,0,0,21
2024-08-29,3,11,stormy,1,0,5
2024-08-29,3,12,stormy,1,0,16
2024-08-29,3,13,stormy,1,0,21
2024-08-29,3,14,stormy,1,0,7
2024-08-29,3,15,stormy,1,0,6
2024-08-29,3,16,stormy,1,0,4
2024-08-29,3,17,stormy,1,0,10
2024-08-29,3,18,stormy,1,0,19
2024-08-29,3,19,stormy,1,0,30
2024-08-29,3,20,stormy,1,0,30
2024-08-29,3,21,stormy,1,0,12
2024-08-30,4,11,sunny,0,0,10
2024-08-30,4,12,sunny,0,0,25
2024-08-30,4,13,sunny,0,0,32
2024-08-30,4,14,sunny,0,0,30
2024-08-30,4,15,sunny,0,0,13
2024-08-30,4,16,sunny,0,0,8
2024-08-30,4,17,sunny,0,0,16
2024-08-30,4,18,sunny,0,0,30
2024-08-30,4,19,sunny,0,0,52
2024-08-30,4,20,sunny,0,0,49
2024-08-30,4,21,sunny,0,0,22
2024-08-31,5,11,sunny,0,0,14
2024-08-31,5,12,sunny,0,0,38
2024-08-31,5,13,sunny,0,0,55
2024-08-31,5,14,sunny,0,0,27
2024-08-31,5,15,sunny,0,0,13
2024-08-31,5,16,sunny,0,0,9
2024-08-31,5,17,sunny,0,0,22
2024-08-31,5,18,sunny,0,0,37
2024-08-31,5,19,sunny,0,0,48
2024-08-31,5,20,sunny,0,0,56
2024-08-31,5,21,sunny,0,0,30
2024-09-01,6,11,sunny,0,0,11
2024-09-01,6,12,sunny,0,0,25
2024-09-01,6,13,sunny,0,0,52
2024-09-01,6,14,sunny,0,0,23
2024-09-01,6,15,sunny,0,0,13
2024-09-01,6,16,sunny,0,0,10
2024-09-01,6,17,sunny,0,0,17
2024-09-01,6,18,sunny,0,0,44
2024-09-01,6,19,sunny,0,0,63
2024-09-01,6,20,sunny,0,0,59
2024-09-01,6,21,sunny,0,0,28
2024-09-02,0,11,cloudy,0,0,8
2024-09-02,0,12,cloudy,0,0,19
2024-09-02,0,13,cloudy,0,0,32
2024-09-02,0,14,cloudy,0,0,18
2024-09-02,0,15,cloudy,0,0,9
2024-09-02,0,16,cloudy,0,0,6
2024-09-02,0,17,cloudy,0,0,13
2024-09-02,0,18,cloudy,0,0,32
2024-09-02,0,19,cloudy,0,0,35
2024-09-02,0,20,cloudy,0,0,32
2024-09-02,0,21,cloudy,0,0,19
2024-09-03,1,11,sunny,0,0,9
2024-09-03,1,12,sunny,0,0,26
2024-09-03,1,13,sunny,0,0,31
2024-09-03,1,14,sunny,0,0,18
2024-09-03,1,15,sunny,0,0,10
2024-09-03,1,16,sunny,0,0,6
2024-09-03,1,17,sunny,0,0,7
2024-09-03,1,18,sunny,0,0,31
2024-09-03,1,19,sunny,0,0,41
2024-09-03,1,20,sunny,0,0,42
2024-09-03,1,21,sunny,0,0,20
2024-09-04,2,11,rainy,0,0,7
2024-09-04,2,12,rainy,0,0,19
2024-09-04,2,13,rainy,0,0,21
2024-09-04,2,14,rainy,0,0,15
2024-09-04,2,15,rainy,0,0,7
2024-09-04,2,16,rainy,0,0,4
2024-09-04,2,17,rainy,0,0,10
2024-09-04,2,18,rainy,0,0,22
2024-09-04,2,19,rainy,0,0,37
2024-09-04,2,20,rainy,0,0,27
2024-09-04,2,21,rainy,0,0,17
2024-09-05,3,11,cloudy,1,0,12
2024-09-05,3,12,cloudy,1,0,33
2024-09-05,3,13,cloudy,1,0,31
2024-09-05,3,14,cloudy,1,0,25
2024-09-05,3,15,cloudy,1,0,14
2024-09-05,3,16,cloudy,1,0,8
2024-09-05,3,17,cloudy,1,0,14
2024-09-05,3,18,cloudy,1,0,37
2024-09-05,3,19,cloudy,1,0,60
2024-09-05,3,20,cloudy,1,0,42
2024-09-05,3,21,cloudy,1,0,26
2024-09-06,4,11,cloudy,0,0,8
2024-09-06,4,12,cloudy,0,0,21
2024-09-06,4,13,cloudy,0,0,32
2024-09-06,4,14,cloudy,0,0,16
2024-09-06,4,15,cloudy,0,0,10
2024-09-06,4,16,cloudy,0,0,6
2024-09-06,4,17,cloudy,0,0,15
2024-09-06,4,18,cloudy,0,0,35
2024-09-06,4,19,cloudy,0,0,40
2024-09-06,4,20,cloudy,0,0,43
2024-09-06,4,21,cloudy,0,0,21
2024-09-07,5,11,rainy,0,0,7
2024-09-07,5,12,rainy,0,0,25
2024-09-07,5,13,rainy,0,0,31
2024-09-07,5,14,rainy,0,0,24
2024-09-07,5,15,rainy,0,0,9
2024-09-07,5,16,rainy,0,0,5
2024-09-07,5,17,rainy,0,0,10
2024-09-07,5,18,rainy,0,0,35
2024-09-07,5,19,rainy,0,0,45
2024-09-07,5,20,rainy,0,0,46
2024-09-07,5,21,rainy,0,0,23
2024-09-08,6,11,sunny,0,0,11
2024-09-08,6,12,sunny,0,0,32
2024-09-08,6,13,sunny,0,0,42
2024-09-08,6,14,sunny,0,0,21
2024-09-08,6,15,sunny,0,0,19
2024-09-08,6,16,sunny,0,0,9
2024-09-08,6,17,sunny,0,0,18
2024-09-08,6,18,sunny,0,0,48
2024-09-08,6,19,sunny,0,0,64
2024-09-08,6,20,sunny,0,0,51
2024-09-08,6,21,sunny,0,0,27
2024-09-09,0,11,sunny,0,0,9
2024-09-09,0,12,sunny,0,0,29
2024-09-09,0,13,sunny,0,0,33
2024-09-09,0,14,sunny,0,0,22
2024-09-09,0,15,sunny,0,0,13
2024-09-09,0,16,sunny,0,0,6
2024-09-09,0,17,sunny,0,0,14
2024-09-09,0,18,sunny,0,0,37
2024-09-09,0,19,sunny,0,0,41
2024-09-09,0,20,sunny,0,0,40
2024-09-09,0,21,sunny,0,0,23
2024-09-10,1,11,cloudy,0,0,6
2024-09-10,1,12,cloudy,0,0,18
2024-09-10,1,13,cloudy,0,0,32
2024-09-10,1,14,cloudy,0,0,19
2024-09-10,1,15,cloudy,0,0,8
2024-09-10,1,16,cloudy,0,0,6
2024-09-10,1,17,cloudy,0,0,14
2024-09-10,1,18,cloudy,0,0,29
2024-09-10,1,19,cloudy,0,0,52
2024-09-10,1,20,cloudy,0,0,27
2024-09-10,1,21,cloudy,0,0,21
2024-09-11,2,11,cloudy,0,0,9
2024-09-11,2,12,cloudy,0,0,21
2024-09-11,2,13,cloudy,0,0,29
2024-09-11,2,14,cloudy,0,0,19
2024-09-11,2,15,cloudy,0,0,10
2024-09-11,2,16,cloudy,0,0,6
2024-09-11,2,17,cloudy,0,0,10
2024-09-11,2,18,cloudy,0,0,29
2024-09-11,2,19,cloudy,0,0,35
2024-09-11,2,20,cloudy,0,0,33
2024-09-11,2,21,cloudy,0,0,22
2024-09-12,3,11,cloudy,0,0,8
2024-09-12,3,12,cloudy,0,0,22
2024-09-12,3,13,cloudy,0,0,28
2024-09-12,3,14,cloudy,0,0,16
2024-09-12,3,15,cloudy,0,0,9
2024-09-12,3,16,cloudy,0,0,6
2024-09-12,3,17,cloudy,0,0,12
2024-09-12,3,18,cloudy,0,0,27
2024-09-12,3,19,cloudy,0,0,35
2024-09-12,3,20,cloudy,0,0,33
2024-09-12,3,21,cloudy,0,0,20
2024-09-13,4,11,stormy,0,0,5
2024-09-13,4,12,stormy,0,0,11
2024-09-13,4,13,stormy,0,0,16
2024-09-13,4,14,stormy,0,0,11
2024-09-13,4,15,stormy,0,0,4
2024-09-13,4,16,stormy,0,0,3
2024-09-13,4,17,stormy,0,0,6
2024-09-13,4,18,stormy,0,0,16
2024-09-13,4,19,stormy,0,0,24
2024-09-13,4,20,stormy,0,0,20
2024-09-13,4,21,stormy,0,0,11
2024-09-14,5,11,rainy,0,0,10
2024-09-14,5,12,rainy,0,0,18
2024-09-14,5,13,rainy,0,0,33
2024-09-14,5,14,rainy,0,0,19
2024-09-14,5,15,rainy,0,0,11
2024-09-14,5,16,rainy,0,0,6
2024-09-14,5,17,rainy,0,0,13
2024-09-14,5,18,rainy,0,0,34
2024-09-14,5,19,rainy,0,0,41
2024-09-14,5,20,rainy,0,0,34
2024-09-14,5,21,rainy,0,0,21
2024-09-15,6,11,rainy,0,0,8
2024-09-15,6,12,rainy,0,0,21
2024-09-15,6,13,rainy,0,0,30
2024-09-15,6,14,rainy,0,0,20
2024-09-15,6,15,rainy,0,0,11
2024-09-15,6,16,rainy,0,0,6
2024-09-15,6,17,rainy,0,0,12
2024-09-15,6,18,rainy,0,0,31
2024-09-15,6,19,rainy,0,0,35
2024-09-15,6,20,rainy,0,0,35
2024-09-15,6,21,rainy,0,0,22
2024-09-16,0,11,rainy,1,0,9
2024-09-16,0,12,rainy,1,0,22
2024-09-16,0,13,rainy,1,0,31
2024-09-16,0,14,rainy,1,0,17
2024-09-16,0,15,rainy,1,0,11
2024-09-16,0,16,rainy,1,0,6
2024-09-16,0,17,rainy,1,0,12
2024-09-16,0,18,rainy,1,0,30
2024-09-16,0,19,rainy,1,0,42
2024-09-16,0,20,rainy,1,0,35
2024-09-16,0,21,rainy,1,0,23
2024-09-17,1,11,cloudy,0,0,7
2024-09-17,1,12,cloudy,0,0,19
2024-09-17,1,13,cloudy,0,0,28
2024-09-17,1,14,cloudy,0,0,16
2024-09-17,1,15,cloudy,0,0,9
2024-09-17,1,16,cloudy,0,0,7
2024-09-17,1,17,cloudy,0,0,11
2024-09-17,1,18,cloudy,0,0,31
2024-09-17,1,19,cloudy,0,0,42
2024-09-17,1,20,cloudy,0,0,30
2024-09-17,1,21,cloudy,0,0,17
2024-09-18,2,11,sunny,0,0,6
2024-09-18,2,12,sunny,0,0,26
2024-09-18,2,13,sunny,0,0,40
2024-09-18,2,14,sunny,0,0,21
2024-09-18,2,15,sunny,0,0,9
2024-09-18,2,16,sunny,0,0,6
2024-09-18,2,17,sunny,0,0,13
2024-09-18,2,18,sunny,0,0,30
2024-09-18,2,19,sunny,0,0,50
2024-09-18,2,20,sunny,0,0,44
2024-09-18,2,21,sunny,0,0,19
2024-09-19,3,11,cloudy,0,0,8
2024-09-19,3,12,cloudy,0,0,29
2024-09-19,3,13,cloudy,0,0,24
2024-09-19,3,14,cloudy,0,0,24
2024-09-19,3,15,cloudy,0,0,9
2024-09-19,3,16,cloudy,0,0,5
2024-09-19,3,17,cloudy,0,0,12
2024-09-19,3,18,cloudy,0,0,27
2024-09-19,3,19,cloudy,0,0,41
2024-09-19,3,20,cloudy,0,0,29
2024-09-19,3,21,cloudy,0,0,19
2024-09-20,4,11,cloudy,0,0,8
2024-09-20,4,12,cloudy,0,0,25
2024-09-20,4,13,cloudy,0,0,35
2024-09-20,4,14,cloudy,0,0,15
2024-09-20,4,15,cloudy,0,0,11
2024-09-20,4,16,cloudy,0,0,6
2024-09-20,4,17,cloudy,0,0,13
2024-09-20,4,18,cloudy,0,0,37
2024-09-20,4,19,cloudy,0,0,37
2024-09-20,4,20,cloudy,0,0,33
2024-09-20,4,21,cloudy,0,0,16
2024-09-21,5,11,cloudy,0,0,10
2024-09-21,5,12,cloudy,0,0,25
2024-09-21,5,13,cloudy,0,0,36
2024-09-21,5,14,cloudy,0,0,20
2024-09-21,5,15,cloudy,0,0,12
2024-09-21,5,16,cloudy,0,0,8
2024-09-21,5,17,cloudy,0,0,14
2024-09-21,5,18,cloudy,0,0,47
2024-09-21,5,19,cloudy,0,0,55
2024-09-21,5,20,cloudy,0,0,49
2024-09-21,5,21,cloudy,0,0,27
2024-09-22,6,11,rainy,0,0,8
2024-09-22,6,12,rainy,0,0,24
2024-09-22,6,13,rainy,0,0,28
2024-09-22,6,14,rainy,0,0,19
2024-09-22,6,15,rainy,0,0,9
2024-09-22,6,16,rainy,0,0,6
2024-09-22,6,17,rainy,0,0,12
2024-09-22,6,18,rainy,0,0,29
2024-09-22,6,19,rainy,0,0,38
2024-09-22,6,20,rainy,0,0,38
2024-09-22,6,21,rainy,0,0,24
2024-09-23,0,11,sunny,0,0,10
2024-09-23,0,12,sunny,0,0,21
2024-09-23,0,13,sunny,0,0,37
2024-09-23,0,14,sunny,0,0,19
2024-09-23,0,15,sunny,0,0,12
2024-09-23,0,16,sunny,0,0,6
2024-09-23,0,17,sunny,0,0,14
2024-09-23,0,18,sunny,0,0,35
2024-09-23,0,19,sunny,0,0,37
2024-09-23,0,20,sunny,0,0,43
2024-09-23,0,21,sunny,0,0,26
2024-09-24,1,11,sunny,1,0,12
2024-09-24,1,12,sunny,1,0,39
2024-09-24,1,13,sunny,1,0,42
2024-09-24,1,14,sunny,1,0,30
2024-09-24,1,15,sunny,1,0,11
2024-09-24,1,16,sunny,1,0,12
2024-09-24,1,17,sunny,1,0,21
2024-09-24,1,18,sunny,1,0,44
2024-09-24,1,19,sunny,1,0,47
2024-09-24,1,20,sunny,1,0,56
2024-09-24,1,21,sunny,1,0,25
2024-09-25,2,11,sunny,0,0,9
2024-09-25,2,12,sunny,0,0,28
2024-09-25,2,13,sunny,0,0,35
2024-09-25,2,14,sunny,0,0,23
2024-09-25,2,15,sunny,0,0,11
2024-09-25,2,16,sunny,0,0,5
2024-09-25,2,17,sunny,0,0,15
2024-09-25,2,18,sunny,0,0,33
2024-09-25,2,19,sunny,0,0,38
2024-09-25,2,20,sunny,0,0,46
2024-09-25,2,21,sunny,0,0,28
2024-09-26,3,11,cloudy,0,0,8
2024-09-26,3,12,cloudy,0,0,20
2024-09-26,3,13,cloudy,0,0,25
2024-09-26,3,14,cloudy,0,0,21
2024-09-26,3,15,cloudy,0,0,9
2024-09-26,3,16,cloudy,0,0,6
2024-09-26,3,17,cloudy,0,0,11
2024-09-26,3,18,cloudy,0,0,28
2024-09-26,3,19,cloudy,0,0,44
2024-09-26,3,20,cloudy,0,0,33
2024-09-26,3,21,cloudy,0,0,19
2024-09-27,4,11,cloudy,0,0,9
2024-09-27,4,12,cloudy,0,0,22
2024-09-27,4,13,cloudy,0,0,28
2024-09-27,4,14,cloudy,0,0,19
2024-09-27,4,15,cloudy,0,0,11
2024-09-27,4,16,cloudy,0,0,5
2024-09-27,4,17,cloudy,0,0,14
2024-09-27,4,18,cloudy,0,0,33
2024-09-27,4,19,cloudy,0,0,34
2024-09-27,4,20,cloudy,0,0,34
2024-09-27,4,21,cloudy,0,0,20
2024-09-28,5,11,sunny,1,0,17
2024-09-28,5,12,sunny,1,0,58
2024-09-28,5,13,sunny,1,0,62
2024-09-28,5,14,sunny,1,0,35
2024-09-28,5,15,sunny,1,0,22
2024-09-28,5,16,sunny,1,0,12
2024-09-28,5,17,sunny,1,0,27
2024-09-28,5,18,sunny,1,0,69
2024-09-28,5,19,sunny,1,0,99
2024-09-28,5,20,sunny,1,0,75
2024-09-28,5,21,sunny,1,0,52
2024-09-29,6,11,stormy,0,0,6
2024-09-29,6,12,stormy,0,0,14
2024-09-29,6,13,stormy,0,0,25
2024-09-29,6,14,stormy,0,0,13
2024-09-29,6,15,stormy,0,0,6
2024-09-29,6,16,stormy,0,0,5
2024-09-29,6,17,stormy,0,0,10
2024-09-29,6,18,stormy,0,0,21
2024-09-29,6,19,stormy,0,0,26
2024-09-29,6,20,stormy,0,0,24
2024-09-29,6,21,stormy,0,0,15
2024-09-30,0,11,cloudy,0,0,8
2024-09-30,0,12,cloudy,0,0,25
2024-09-30,0,13,cloudy,0,0,26
2024-09-30,0,14,cloudy,0,0,20
2024-09-30,0,15,cloudy,0,0,9
2024-09-30,0,16,cloudy,0,0,6
2024-09-30,0,17,cloudy,0,0,11
2024-09-30,0,18,cloudy,0,0,29
2024-09-30,0,19,cloudy,0,0,38
2024-09-30,0,20,cloudy,0,0,40
2024-09-30,0,21,cloudy,0,0,18
2024-10-01,1,11,stormy,0,0,4
2024-10-01,1,12,stormy,0,0,15
2024-10-01,1,13,stormy,0,0,17
2024-10-01,1,14,stormy,0,0,7
2024-10-01,1,15,stormy,0,0,5
2024-10-01,1,16,stormy,0,0,2
2024-10-01,1,17,stormy,0,0,5
2024-10-01,1,18,stormy,0,0,10
2024-10-01,1,19,stormy,0,0,21
2024-10-01,1,20,stormy,0,0,16
2024-10-01,1,21,stormy,0,0,11
2024-10-02,2,11,cloudy,0,0,7
2024-10-02,2,12,cloudy,0,0,25
2024-10-02,2,13,cloudy,0,0,32
2024-10-02,2,14,cloudy,0,0,19
2024-10-02,2,15,cloudy,0,0,9
2024-10-02,2,16,cloudy,0,0,7
2024-10-02,2,17,cloudy,0,0,9
2024-10-02,2,18,cloudy,0,0,24
2024-10-02,2,19,cloudy,0,0,39
2024-10-02,2,20,cloudy,0,0,44
2024-10-02,2,21,cloudy,0,0,19
2024-10-03,3,11,cloudy,0,0,7
2024-10-03,3,12,cloudy,0,0,24
2024-10-03,3,13,cloudy,0,0,30
2024-10-03,3,14,cloudy,0,0,16
2024-10-03,3,15,cloudy,0,0,9
2024-10-03,3,16,cloudy,0,0,5
2024-10-03,3,17,cloudy,0,0,12
2024-10-03,3,18,cloudy,0,0,26
2024-10-03,3,19,cloudy,0,0,34
2024-10-03,3,20,cloudy,0,0,33
2024-10-03,3,21,cloudy,0,0,18
2024-10-04,4,11,rainy,0,0,7
2024-10-04,4,12,rainy,0,0,18
2024-10-04,4,13,rainy,0,0,25
2024-10-04,4,14,rainy,0,0,13
2024-10-04,4,15,rainy,0,0,8
2024-10-04,4,16,rainy,0,0,5
2024-10-04,4,17,rainy,0,0,8
2024-10-04,4,18,rainy,0,0,29
2024-10-04,4,19,rainy,0,0,31
2024-10-04,4,20,rainy,0,0,31
2024-10-04,4,21,rainy,0,0,20
2024-10-05,5,11,stormy,0,0,6
2024-10-05,5,12,stormy,0,0,17
2024-10-05,5,13,stormy,0,0,20
2024-10-05,5,14,stormy,0,0,15
2024-10-05,5,15,stormy,0,0,8
2024-10-05,5,16,stormy,0,0,4
2024-10-05,5,17,stormy,0,0,8
2024-10-05,5,18,stormy,0,0,17
2024-10-05,5,19,stormy,0,0,31
2024-10-05,5,20,stormy,0,0,26
2024-10-05,5,21,stormy,0,0,17
2024-10-06,6,11,rainy,0,0,7
2024-10-06,6,12,rainy,0,0,26
2024-10-06,6,13,rainy,0,0,27
2024-10-06,6,14,rainy,0,0,20
2024-10-06,6,15,rainy,0,0,8
2024-10-06,6,16,rainy,0,0,6
2024-10-06,6,17,rainy,0,0,9
2024-10-06,6,18,rainy,0,0,30
2024-10-06,6,19,rainy,0,0,43
2024-10-06,6,20,rainy,0,0,34
2024-10-06,6,21,rainy,0,0,18
2024-10-07,0,11,sunny,0,0,10
2024-10-07,0,12,sunny,0,0,25
2024-10-07,0,13,sunny,0,0,42
2024-10-07,0,14,sunny,0,0,23
2024-10-07,0,15,sunny,0,0,13
2024-10-07,0,16,sunny,0,0,7
2024-10-07,0,17,sunny,0,0,14
2024-10-07,0,18,sunny,0,0,24
2024-10-07,0,19,sunny,0,0,42
2024-10-07,0,20,sunny,0,0,37
2024-10-07,0,21,sunny,0,0,17
2024-10-08,1,11,sunny,0,0,9
2024-10-08,1,12,sunny,0,0,27
2024-10-08,1,13,sunny,0,0,36
2024-10-08,1,14,sunny,0,0,21
2024-10-08,1,15,sunny,0,0,10
2024-10-08,1,16,sunny,0,0,5
2024-10-08,1,17,sunny,0,0,10
2024-10-08,1,18,sunny,0,0,29
2024-10-08,1,19,sunny,0,0,41
2024-10-08,1,20,sunny,0,0,39
2024-10-08,1,21,sunny,0,0,20
2024-10-09,2,11,cloudy,1,0,11
2024-10-09,2,12,cloudy,1,0,33
2024-10-09,2,13,cloudy,1,0,32
2024-10-09,2,14,cloudy,1,0,25
2024-10-09,2,15,cloudy,1,0,13
2024-10-09,2,16,cloudy,1,0,7
2024-10-09,2,17,cloudy,1,0,17
2024-10-09,2,18,cloudy,1,0,44
2024-10-09,2,19,cloudy,1,0,47
2024-10-09,2,20,cloudy,1,0,46
2024-10-09,2,21,cloudy,1,0,27
2024-10-10,3,11,stormy,0,0,4
2024-10-10,3,12,stormy,0,0,14
2024-10-10,3,13,stormy,0,0,12
2024-10-10,3,14,stormy,0,0,9
2024-10-10,3,15,stormy,0,0,4
2024-10-10,3,16,stormy,0,0,3
2024-10-10,3,17,stormy,0,0,5
2024-10-10,3,18,stormy,0,0,17
2024-10-10,3,19,stormy,0,0,20
2024-10-10,3,20,stormy,0,0,17
2024-10-10,3,21,stormy,0,0,9
2024-10-11,4,11,cloudy,0,0,8
2024-10-11,4,12,cloudy,0,0,26
2024-10-11,4,13,cloudy,0,0,36
2024-10-11,4,14,cloudy,0,0,20
2024-10-11,4,15,cloudy,0,0,10
2024-10-11,4,16,cloudy,0,0,6
2024-10-11,4,17,cloudy,0,0,12
2024-10-11,4,18,cloudy,0,0,31
2024-10-11,4,19,cloudy,0,0,35
2024-10-11,4,20,cloudy,0,0,42
2024-10-11,4,21,cloudy,0,0,20
2024-10-12,5,11,sunny,0,0,13
2024-10-12,5,12,sunny,0,0,32
2024-10-12,5,13,sunny,0,0,44
2024-10-12,5,14,sunny,0,0,32
2024-10-12,5,15,sunny,0,0,17
2024-10-12,5,16,sunny,0,0,9
2024-10-12,5,17,sunny,0,0,15
2024-10-12,5,18,sunny,0,0,65
2024-10-12,5,19,sunny,0,0,77
2024-10-12,5,20,sunny,0,0,61
2024-10-12,5,21,sunny,0,0,29
2024-10-13,6,11,rainy,0,0,8
2024-10-13,6,12,rainy,0,0,23
2024-10-13,6,13,rainy,0,0,26
2024-10-13,6,14,rainy,0,0,17
2024-10-13,6,15,rainy,0,0,11
2024-10-13,6,16,rainy,0,0,7
2024-10-13,6,17,rainy,0,0,14
2024-10-13,6,18,rainy,0,0,34
2024-10-13,6,19,rainy,0,0,40
2024-10-13,6,20,rainy,0,0,22
2024-10-13,6,21,rainy,0,0,21
2024-10-14,0,11,stormy,0,0,4
2024-10-14,0,12,stormy,0,0,10
2024-10-14,0,13,stormy,0,0,16
2024-10-14,0,14,stormy,0,0,10
2024-10-14,0,15,stormy,0,0,5
2024-10-14,0,16,stormy,0,0,3
2024-10-14,0,17,stormy,0,0,7
2024-10-14,0,18,stormy,0,0,15
2024-10-14,0,19,stormy,0,0,21
2024-10-14,0,20,stormy,0,0,19
2024-10-14,0,21,stormy,0,0,11
2024-10-15,1,11,cloudy,0,0,8
2024-10-15,1,12,cloudy,0,0,27
2024-10-15,1,13,cloudy,0,0,28
2024-10-15,1,14,cloudy,0,0,9
2024-10-15,1,15,cloudy,0,0,11
2024-10-15,1,16,cloudy,0,0,5
2024-10-15,1,17,cloudy,0,0,10
2024-10-15,1,18,cloudy,0,0,28
2024-10-15,1,19,cloudy,0,0,37
2024-10-15,1,20,cloudy,0,0,37
2024-10-15,1,21,cloudy,0,0,16
2024-10-16,2,11,cloudy,0,0,8
2024-10-16,2,12,cloudy,0,0,23
2024-10-16,2,13,cloudy,0,0,25
2024-10-16,2,14,cloudy,0,0,15
2024-10-16,2,15,cloudy,0,0,9
2024-10-16,2,16,cloudy,0,0,6
2024-10-16,2,17,cloudy,0,0,14
2024-10-16,2,18,cloudy,0,0,22
2024-10-16,2,19,cloudy,0,0,38
2024-10-16,2,20,cloudy,0,0,29
2024-10-16,2,21,cloudy,0,0,16
2024-10-17,3,11,rainy,0,0,7
2024-10-17,3,12,rainy,0,0,19
2024-10-17,3,13,rainy,0,0,21
2024-10-17,3,14,rainy,0,0,13
2024-10-17,3,15,rainy,0,0,10
2024-10-17,3,16,rainy,0,0,4
2024-10-17,3,17,rainy,0,0,10
2024-10-17,3,18,rainy,0,0,24
2024-10-17,3,19,rainy,0,0,24
2024-10-17,3,20,rainy,0,0,21
2024-10-17,3,21,rainy,0,0,14
2024-10-18,4,11,cloudy,0,0,9
2024-10-18,4,12,cloudy,0,0,21
2024-10-18,4,13,cloudy,0,0,36
2024-10-18,4,14,cloudy,0,0,17
2024-10-18,4,15,cloudy,0,0,11
2024-10-18,4,16,cloudy,0,0,6
2024-10-18,4,17,cloudy,0,0,12
2024-10-18,4,18,cloudy,0,0,38
2024-10-18,4,19,cloudy,0,0,40
2024-10-18,4,20,cloudy,0,0,32
2024-10-18,4,21,cloudy,0,0,22
2024-10-19,5,11,cloudy,0,0,10
2024-10-19,5,12,cloudy,0,0,29
2024-10-19,5,13,cloudy,0,0,34
2024-10-19,5,14,cloudy,0,0,19
2024-10-19,5,15,cloudy,0,0,12
2024-10-19,5,16,cloudy,0,0,8
2024-10-19,5,17,cloudy,0,0,19
2024-10-19,5,18,cloudy,0,0,47
2024-10-19,5,19,cloudy,0,0,57
2024-10-19,5,20,cloudy,0,0,47
2024-10-19,5,21,cloudy,0,0,28
2024-10-20,6,11,rainy,0,0,8
2024-10-20,6,12,rainy,0,0,22
2024-10-20,6,13,rainy,0,0,21
2024-10-20,6,14,rainy,0,0,18
2024-10-20,6,15,rainy,0,0,11
2024-10-20,6,16,rainy,0,0,5
2024-10-20,6,17,rainy,0,0,11
2024-10-20,6,18,rainy,0,0,34
2024-10-20,6,19,rainy,0,0,34
2024-10-20,6,20,rainy,0,0,41
2024-10-20,6,21,rainy,0,0,19
2024-10-21,0,11,cloudy,0,0,7
2024-10-21,0,12,cloudy,0,0,28
2024-10-21,0,13,cloudy,0,0,30
2024-10-21,0,14,cloudy,0,0,16
2024-10-21,0,15,cloudy,0,0,11
2024-10-21,0,16,cloudy,0,0,5
2024-10-21,0,17,cloudy,0,0,13
2024-10-21,0,18,cloudy,0,0,32
2024-10-21,0,19,cloudy,0,0,25
2024-10-21,0,20,cloudy,0,0,30
2024-10-21,0,21,cloudy,0,0,22
2024-10-22,1,11,sunny,0,0,8
2024-10-22,1,12,sunny,0,0,19
2024-10-22,1,13,sunny,0,0,31
2024-10-22,1,14,sunny,0,0,26
2024-10-22,1,15,sunny,0,0,12
2024-10-22,1,16,sunny,0,0,8
2024-10-22,1,17,sunny,0,0,15
2024-10-22,1,18,sunny,0,0,38
2024-10-22,1,19,sunny,0,0,56
2024-10-22,1,20,sunny,0,0,42
2024-10-22,1,21,sunny,0,0,22
2024-10-23,2,11,cloudy,0,0,8
2024-10-23,2,12,cloudy,0,0,20
2024-10-23,2,13,cloudy,0,0,28
2024-10-23,2,14,cloudy,0,0,19
2024-10-23,2,15,cloudy,0,0,10
2024-10-23,2,16,cloudy,0,0,4
2024-10-23,2,17,cloudy,0,0,14
2024-10-23,2,18,cloudy,0,0,27
2024-10-23,2,19,cloudy,0,0,38
2024-10-23,2,20,cloudy,0,0,31
2024-10-23,2,21,cloudy,0,0,26
2024-10-24,3,11,sunny,0,0,10
2024-10-24,3,12,sunny,0,0,27
2024-10-24,3,13,sunny,0,0,31
2024-10-24,3,14,sunny,0,0,22
2024-10-24,3,15,sunny,0,0,10
2024-10-24,3,16,sunny,0,0,6
2024-10-24,3,17,sunny,0,0,10
2024-10-24,3,18,sunny,0,0,29
2024-10-24,3,19,sunny,0,0,55
2024-10-24,3,20,sunny,0,0,48
2024-10-24,3,21,sunny,0,0,23
2024-10-25,4,11,sunny,0,0,12
2024-10-25,4,12,sunny,0,0,27
2024-10-25,4,13,sunny,0,0,34
2024-10-25,4,14,sunny,0,0,22
2024-10-25,4,15,sunny,0,0,12
2024-10-25,4,16,sunny,0,0,7
2024-10-25,4,17,sunny,0,0,17
2024-10-25,4,18,sunny,0,0,38
2024-10-25,4,19,sunny,0,0,54
2024-10-25,4,20,sunny,0,0,49
2024-10-25,4,21,sunny,0,0,26
2024-10-26,5,11,sunny,0,0,13
2024-10-26,5,12,sunny,0,0,34
2024-10-26,5,13,sunny,0,0,45
2024-10-26,5,14,sunny,0,0,28
2024-10-26,5,15,sunny,0,0,21
2024-10-26,5,16,sunny,0,0,8
2024-10-26,5,17,sunny,0,0,14
2024-10-26,5,18,sunny,0,0,50
2024-10-26,5,19,sunny,0,0,61
2024-10-26,5,20,sunny,0,0,58
2024-10-26,5,21,sunny,0,0,34
2024-10-27,6,11,cloudy,0,0,12
2024-10-27,6,12,cloudy,0,0,30
2024-10-27,6,13,cloudy,0,0,39
2024-10-27,6,14,cloudy,0,0,29
2024-10-27,6,15,cloudy,0,0,14
2024-10-27,6,16,cloudy,0,0,7
2024-10-27,6,17,cloudy,0,0,13
2024-10-27,6,18,cloudy,0,0,36
2024-10-27,6,19,cloudy,0,0,48
2024-10-27,6,20,cloudy,0,0,49
2024-10-27,6,21,cloudy,0,0,26
2024-10-28,0,11,cloudy,0,0,8
2024-10-28,0,12,cloudy,0,0,22
2024-10-28,0,13,cloudy,0,0,29
2024-10-28,0,14,cloudy,0,0,18
2024-10-28,0,15,cloudy,0,0,11
2024-10-28,0,16,cloudy,0,0,6
2024-10-28,0,17,cloudy,0,0,11
2024-10-28,0,18,cloudy,0,0,26
2024-10-28,0,19,cloudy,0,0,41
2024-10-28,0,20,cloudy,0,0,24
2024-10-28,0,21,cloudy,0,0,19
2024-10-29,1,11,sunny,0,0,8
2024-10-29,1,12,sunny,0,0,27
2024-10-29,1,13,sunny,0,0,33
2024-10-29,1,14,sunny,0,0,20
2024-10-29,1,15,sunny,0,0,11
2024-10-29,1,16,sunny,0,0,6
2024-10-29,1,17,sunny,0,0,15
2024-10-29,1,18,sunny,0,0,35
2024-10-29,1,19,sunny,0,0,37
2024-10-29,1,20,sunny,0,0,48
2024-10-29,1,21,sunny,0,0,24
2024-10-30,2,11,sunny,0,0,9
2024-10-30,2,12,sunny,0,0,24
2024-10-30,2,13,sunny,0,0,38
2024-10-30,2,14,sunny,0,0,19
2024-10-30,2,15,sunny,0,0,10
2024-10-30,2,16,sunny,0,0,7
2024-10-30,2,17,sunny,0,0,15
2024-10-30,2,18,sunny,0,0,35
2024-10-30,2,19,sunny,0,0,49
2024-10-30,2,20,sunny,0,0,40
2024-10-30,2,21,sunny,0,0,23
2024-10-31,3,11,sunny,0,0,10
2024-10-31,3,12,sunny,0,0,29
2024-10-31,3,13,sunny,0,0,23
2024-10-31,3,14,sunny,0,0,25
2024-10-31,3,15,sunny,0,0,9
2024-10-31,3,16,sunny,0,0,6
2024-10-31,3,17,sunny,0,0,13
2024-10-31,3,18,sunny,0,0,33
2024-10-31,3,19,sunny,0,0,51
2024-10-31,3,20,sunny,0,0,35
2024-10-31,3,21,sunny,0,0,23
2024-11-01,4,11,sunny,0,0,9
2024-11-01,4,12,sunny,0,0,28
2024-11-01,4,13,sunny,0,0,35
2024-11-01,4,14,sunny,0,0,23
2024-11-01,4,15,sunny,0,0,11
2024-11-01,4,16,sunny,0,0,7
2024-11-01,4,17,sunny,0,0,15
2024-11-01,4,18,sunny,0,0,42
2024-11-01,4,19,sunny,0,0,46
2024-11-01,4,20,sunny,0,0,39
2024-11-01,4,21,sunny,0,0,27
2024-11-02,5,11,sunny,0,0,12
2024-11-02,5,12,sunny,0,0,27
2024-11-02,5,13,sunny,0,0,42
2024-11-02,5,14,sunny,0,0,26
2024-11-02,5,15,sunny,0,0,15
2024-11-02,5,16,sunny,0,0,8
2024-11-02,5,17,sunny,0,0,21
2024-11-02,5,18,sunny,0,0,46
2024-11-02,5,19,sunny,0,0,65
2024-11-02,5,20,sunny,0,0,57
2024-11-02,5,21,sunny,0,0,32
2024-11-03,6,11,stormy,0,0,5
2024-11-03,6,12,stormy,0,0,18
2024-11-03,6,13,stormy,0,0,19
2024-11-03,6,14,stormy,0,0,10
2024-11-03,6,15,stormy,0,0,7
2024-11-03,6,16,stormy,0,0,3
2024-11-03,6,17,stormy,0,0,9
2024-11-03,6,18,stormy,0,0,27
2024-11-03,6,19,stormy,0,0,25
2024-11-03,6,20,stormy,0,0,26
2024-11-03,6,21,stormy,0,0,11
2024-11-04,0,11,stormy,0,0,4
2024-11-04,0,12,stormy,0,0,10
2024-11-04,0,13,stormy,0,0,14
2024-11-04,0,14,stormy,0,0,8
2024-11-04,0,15,stormy,0,0,5
2024-11-04,0,16,stormy,0,0,3
2024-11-04,0,17,stormy,0,0,6
2024-11-04,0,18,stormy,0,0,14
2024-11-04,0,19,stormy,0,0,26
2024-11-04,0,20,stormy,0,0,17
2024-11-04,0,21,stormy,0,0,8
2024-11-05,1,11,sunny,0,0,10
2024-11-05,1,12,sunny,0,0,24
2024-11-05,1,13,sunny,0,0,34
2024-11-05,1,14,sunny,0,0,24
2024-11-05,1,15,sunny,0,0,9
2024-11-05,1,16,sunny,0,0,6
2024-11-05,1,17,sunny,0,0,13
2024-11-05,1,18,sunny,0,0,40
2024-11-05,1,19,sunny,0,0,42
2024-11-05,1,20,sunny,0,0,37
2024-11-05,1,21,sunny,0,0,24
2024-11-06,2,11,sunny,0,0,8
2024-11-06,2,12,sunny,0,0,32
2024-11-06,2,13,sunny,0,0,26
2024-11-06,2,14,sunny,0,0,19
2024-11-06,2,15,sunny,0,0,11
2024-11-06,2,16,sunny,0,0,8
2024-11-06,2,17,sunny,0,0,11
2024-11-06,2,18,sunny,0,0,42
2024-11-06,2,19,sunny,0,0,50
2024-11-06,2,20,sunny,0,0,42
2024-11-06,2,21,sunny,0,0,20
2024-11-07,3,11,sunny,0,0,10
2024-11-07,3,12,sunny,0,0,22
2024-11-07,3,13,sunny,0,0,31
2024-11-07,3,14,sunny,0,0,19
2024-11-07,3,15,sunny,0,0,10
2024-11-07,3,16,sunny,0,0,7
2024-11-07,3,17,sunny,0,0,14
2024-11-07,3,18,sunny,0,0,39
2024-11-07,3,19,sunny,0,0,36
2024-11-07,3,20,sunny,0,0,45
2024-11-07,3,21,sunny,0,0,29
2024-11-08,4,11,cloudy,0,0,8
2024-11-08,4,12,cloudy,0,0,20
2024-11-08,4,13,cloudy,0,0,29
2024-11-08,4,14,cloudy,0,0,22
2024-11-08,4,15,cloudy,0,0,9
2024-11-08,4,16,cloudy,0,0,6
2024-11-08,4,17,cloudy,0,0,14
2024-11-08,4,18,cloudy,0,0,33
2024-11-08,4,19,cloudy,0,0,47
2024-11-08,4,20,cloudy,0,0,39
2024-11-08,4,21,cloudy,0,0,23
2024-11-09,5,11,rainy,1,0,10
2024-11-09,5,12,rainy,1,0,38
2024-11-09,5,13,rainy,1,0,39
2024-11-09,5,14,rainy,1,0,30
2024-11-09,5,15,rainy,1,0,14
2024-11-09,5,16,rainy,1,0,9
2024-11-09,5,17,rainy,1,0,17
2024-11-09,5,18,rainy,1,0,39
2024-11-09,5,19,rainy,1,0,47
2024-11-09,5,20,rainy,1,0,46
2024-11-09,5,21,rainy,1,0,29
2024-11-10,6,11,sunny,0,0,12
2024-11-10,6,12,sunny,0,0,29
2024-11-10,6,13,sunny,0,0,34
2024-11-10,6,14,sunny,0,0,28
2024-11-10,6,15,sunny,0,0,17
2024-11-10,6,16,sunny,0,0,10
2024-11-10,6,17,sunny,0,0,19
2024-11-10,6,18,sunny,0,0,48
2024-11-10,6,19,sunny,0,0,71
2024-11-10,6,20,sunny,0,0,54
2024-11-10,6,21,sunny,0,0,32
2024-11-11,0,11,sunny,0,0,8
2024-11-11,0,12,sunny,0,0,25
2024-11-11,0,13,sunny,0,0,32
2024-11-11,0,14,sunny,0,0,25
2024-11-11,0,15,sunny,0,0,11
2024-11-11,0,16,sunny,0,0,7
2024-11-11,0,17,sunny,0,0,13
2024-11-11,0,18,sunny,0,0,33
2024-11-11,0,19,sunny,0,0,38
2024-11-11,0,20,sunny,0,0,36
2024-11-11,0,21,sunny,0,0,24
2024-11-12,1,11,cloudy,0,0,8
2024-11-12,1,12,cloudy,0,0,21
2024-11-12,1,13,cloudy,0,0,35
2024-11-12,1,14,cloudy,0,0,17
2024-11-12,1,15,cloudy,0,0,11
2024-11-12,1,16,cloudy,0,0,5
2024-11-12,1,17,cloudy,0,0,13
2024-11-12,1,18,cloudy,0,0,33
2024-11-12,1,19,cloudy,0,0,41
2024-11-12,1,20,cloudy,0,0,25
2024-11-12,1,21,cloudy,0,0,20
2024-11-13,2,11,cloudy,0,0,8
2024-11-13,2,12,cloudy,0,0,17
2024-11-13,2,13,cloudy,0,0,25
2024-11-13,2,14,cloudy,0,0,18
2024-11-13,2,15,cloudy,0,0,10
2024-11-13,2,16,cloudy,0,0,6
2024-11-13,2,17,cloudy,0,0,11
2024-11-13,2,18,cloudy,0,0,31
2024-11-13,2,19,cloudy,0,0,40
2024-11-13,2,20,cloudy,0,0,30
2024-11-13,2,21,cloudy,0,0,14
2024-11-14,3,11,sunny,0,0,9
2024-11-14,3,12,sunny,0,0,20
2024-11-14,3,13,sunny,0,0,34
2024-11-14,3,14,sunny,0,0,20
2024-11-14,3,15,sunny,0,0,12
2024-11-14,3,16,sunny,0,0,8
2024-11-14,3,17,sunny,0,0,10
2024-11-14,3,18,sunny,0,0,31
2024-11-14,3,19,sunny,0,0,44
2024-11-14,3,20,sunny,0,0,47
2024-11-14,3,21,sunny,0,0,18
2024-11-15,4,11,cloudy,0,0,8
2024-11-15,4,12,cloudy,0,0,23
2024-11-15,4,13,cloudy,0,0,29
2024-11-15,4,14,cloudy,0,0,22
2024-11-15,4,15,cloudy,0,0,9
2024-11-15,4,16,cloudy,0,0,6
2024-11-15,4,17,cloudy,0,0,12
2024-11-15,4,18,cloudy,0,0,29
2024-11-15,4,19,cloudy,0,0,57
2024-11-15,4,20,cloudy,0,0,40
2024-11-15,4,21,cloudy,0,0,23
2024-11-16,5,11,cloudy,0,0,12
2024-11-16,5,12,cloudy,0,0,21
2024-11-16,5,13,cloudy,0,0,35
2024-11-16,5,14,cloudy,0,0,23
2024-11-16,5,15,cloudy,0,0,14
2024-11-16,5,16,cloudy,0,0,8
2024-11-16,5,17,cloudy,0,0,16
2024-11-16,5,18,cloudy,0,0,41
2024-11-16,5,19,cloudy,0,0,49
2024-11-16,5,20,cloudy,0,0,40
2024-11-16,5,21,cloudy,0,0,30
2024-11-17,6,11,rainy,0,0,7
2024-11-17,6,12,rainy,0,0,24
2024-11-17,6,13,rainy,0,0,28
2024-11-17,6,14,rainy,0,0,21
2024-11-17,6,15,rainy,0,0,11
2024-11-17,6,16,rainy,0,0,6
2024-11-17,6,17,rainy,0,0,11
2024-11-17,6,18,rainy,0,0,34
2024-11-17,6,19,rainy,0,0,44
2024-11-17,6,20,rainy,0,0,33
2024-11-17,6,21,rainy,0,0,17
2024-11-18,0,11,stormy,0,0,4
2024-11-18,0,12,stormy,0,0,14
2024-11-18,0,13,stormy,0,0,17
2024-11-18,0,14,stormy,0,0,8
2024-11-18,0,15,stormy,0,0,4
2024-11-18,0,16,stormy,0,0,3
2024-11-18,0,17,stormy,0,0,5
2024-11-18,0,18,stormy,0,0,17
2024-11-18,0,19,stormy,0,0,20
2024-11-18,0,20,stormy,0,0,22
2024-11-18,0,21,stormy,0,0,9
2024-11-19,1,11,cloudy,0,0,8
2024-11-19,1,12,cloudy,0,0,16
2024-11-19,1,13,cloudy,0,0,20
2024-11-19,1,14,cloudy,0,0,17
2024-11-19,1,15,cloudy,0,0,10
2024-11-19,1,16,cloudy,0,0,5
2024-11-19,1,17,cloudy,0,0,10
2024-11-19,1,18,cloudy,0,0,32
2024-11-19,1,19,cloudy,0,0,42
2024-11-19,1,20,cloudy,0,0,34
2024-11-19,1,21,cloudy,0,0,21
2024-11-20,2,11,rainy,0,0,5
2024-11-20,2,12,rainy,0,0,17
2024-11-20,2,13,rainy,0,0,22
2024-11-20,2,14,rainy,0,0,18
2024-11-20,2,15,rainy,0,0,6
2024-11-20,2,16,rainy,0,0,5
2024-11-20,2,17,rainy,0,0,11
2024-11-20,2,18,rainy,0,0,23
2024-11-20,2,19,rainy,0,0,35
2024-11-20,2,20,rainy,0,0,24
2024-11-20,2,21,rainy,0,0,14
2024-11-21,3,11,sunny,1,0,12
2024-11-21,3,12,sunny,1,0,37
2024-11-21,3,13,sunny,1,0,49
2024-11-21,3,14,sunny,1,0,33
2024-11-21,3,15,sunny,1,0,15
2024-11-21,3,16,sunny,1,0,10
2024-11-21,3,17,sunny,1,0,17
2024-11-21,3,18,sunny,1,0,51
2024-11-21,3,19,sunny,1,0,63
2024-11-21,3,20,sunny,1,0,57
2024-11-21,3,21,sunny,1,0,32
2024-11-22,4,11,cloudy,0,0,7
2024-11-22,4,12,cloudy,0,0,19
2024-11-22,4,13,cloudy,0,0,33
2024-11-22,4,14,cloudy,0,0,21
2024-11-22,4,15,cloudy,0,0,11
2024-11-22,4,16,cloudy,0,0,5
2024-11-22,4,17,cloudy,0,0,15
2024-11-22,4,18,cloudy,0,0,41
2024-11-22,4,19,cloudy,0,0,44
2024-11-22,4,20,cloudy,0,0,40
2024-11-22,4,21,cloudy,0,0,22
2024-11-23,5,11,sunny,0,0,12
2024-11-23,5,12,sunny,0,0,39
2024-11-23,5,13,sunny,0,0,57
2024-11-23,5,14,sunny,0,0,24
2024-11-23,5,15,sunny,0,0,15
2024-11-23,5,16,sunny,0,0,8
2024-11-23,5,17,sunny,0,0,23
2024-11-23,5,18,sunny,0,0,44
2024-11-23,5,19,sunny,0,0,53
2024-11-23,5,20,sunny,0,0,60
2024-11-23,5,21,sunny,0,0,38
2024-11-24,6,11,stormy,0,0,6
2024-11-24,6,12,stormy,0,0,18
2024-11-24,6,13,stormy,0,0,17
2024-11-24,6,14,stormy,0,0,12
2024-11-24,6,15,stormy,0,0,6
2024-11-24,6,16,stormy,0,0,3
2024-11-24,6,17,stormy,0,0,8
2024-11-24,6,18,stormy,0,0,24
2024-11-24,6,19,stormy,0,0,30
2024-11-24,6,20,stormy,0,0,26
2024-11-24,6,21,stormy,0,0,14
2024-11-25,0,11,sunny,0,0,8
2024-11-25,0,12,sunny,0,0,25
2024-11-25,0,13,sunny,0,0,33
2024-11-25,0,14,sunny,0,0,21
2024-11-25,0,15,sunny,0,0,11
2024-11-25,0,16,sunny,0,0,6
2024-11-25,0,17,sunny,0,0,19
2024-11-25,0,18,sunny,0,0,38
2024-11-25,0,19,sunny,0,0,48
2024-11-25,0,20,sunny,0,0,39
2024-11-25,0,21,sunny,0,0,21
2024-11-26,1,11,sunny,0,0,9
2024-11-26,1,12,sunny,0,0,20
2024-11-26,1,13,sunny,0,0,29
2024-11-26,1,14,sunny,0,0,21
2024-11-26,1,15,sunny,0,0,11
2024-11-26,1,16,sunny,0,0,8
2024-11-26,1,17,sunny,0,0,11
2024-11-26,1,18,sunny,0,0,31
2024-11-26,1,19,sunny,0,0,54
2024-11-26,1,20,sunny,0,0,40
2024-11-26,1,21,sunny,0,0,25
2024-11-27,2,11,cloudy,0,0,7
2024-11-27,2,12,cloudy,0,0,21
2024-11-27,2,13,cloudy,0,0,21
2024-11-27,2,14,cloudy,0,0,17
2024-11-27,2,15,cloudy,0,0,11
2024-11-27,2,16,cloudy,0,0,6
2024-11-27,2,17,cloudy,0,0,12
2024-11-27,2,18,cloudy,0,0,28
2024-11-27,2,19,cloudy,0,0,36
2024-11-27,2,20,cloudy,0,0,40
2024-11-27,2,21,cloudy,0,0,18
2024-11-28,3,11,rainy,0,1,9
2024-11-28,3,12,rainy,0,1,29
2024-11-28,3,13,rainy,0,1,28
2024-11-28,3,14,rainy,0,1,18
2024-11-28,3,15,rainy,0,1,12
2024-11-28,3,16,rainy,0,1,7
2024-11-28,3,17,rainy,0,1,13
2024-11-28,3,18,rainy,0,1,40
2024-11-28,3,19,rainy,0,1,49
2024-11-28,3,20,rainy,0,1,42
2024-11-28,3,21,rainy,0,1,26
2024-11-29,4,11,rainy,0,0,6
2024-11-29,4,12,rainy,0,0,20
2024-11-29,4,13,rainy,0,0,28
2024-11-29,4,14,rainy,0,0,13
2024-11-29,4,15,rainy,0,0,8
2024-11-29,4,16,rainy,0,0,6
2024-11-29,4,17,rainy,0,0,12
2024-11-29,4,18,rainy,0,0,25
2024-11-29,4,19,rainy,0,0,32
2024-11-29,4,20,rainy,0,0,34
2024-11-29,4,21,rainy,0,0,20
2024-11-30,5,11,cloudy,0,0,9
2024-11-30,5,12,cloudy,0,0,33
2024-11-30,5,13,cloudy,0,0,37
2024-11-30,5,14,cloudy,0,0,27
2024-11-30,5,15,cloudy,0,0,12
2024-11-30,5,16,cloudy,0,0,6
2024-11-30,5,17,cloudy,0,0,15
2024-11-30,5,18,cloudy,0,0,42
2024-11-30,5,19,cloudy,0,0,54
2024-11-30,5,20,cloudy,0,0,42
2024-11-30,5,21,cloudy,0,0,21
2024-12-01,6,11,rainy,0,0,9
2024-12-01,6,12,rainy,0,0,26
2024-12-01,6,13,rainy,0,0,26
2024-12-01,6,14,rainy,0,0,16
2024-12-01,6,15,rainy,0,0,11
2024-12-01,6,16,rainy,0,0,6
2024-12-01,6,17,rainy,0,0,13
2024-12-01,6,18,rainy,0,0,23
2024-12-01,6,19,rainy,0,0,37
2024-12-01,6,20,rainy,0,0,36
2024-12-01,6,21,rainy,0,0,22
2024-12-02,0,11,stormy,0,0,4
2024-12-02,0,12,stormy,0,0,12
2024-12-02,0,13,stormy,0,0,16
2024-12-02,0,14,stormy,0,0,10
2024-12-02,0,15,stormy,0,0,5
2024-12-02,0,16,stormy,0,0,3
2024-12-02,0,17,stormy,0,0,6
2024-12-02,0,18,stormy,0,0,17
2024-12-02,0,19,stormy,0,0,22
2024-12-02,0,20,stormy,0,0,20
2024-12-02,0,21,stormy,0,0,12
2024-12-03,1,11,cloudy,0,0,8
2024-12-03,1,12,cloudy,0,0,20
2024-12-03,1,13,cloudy,0,0,30
2024-12-03,1,14,cloudy,0,0,15
2024-12-03,1,15,cloudy,0,0,8
2024-12-03,1,16,cloudy,0,0,6
2024-12-03,1,17,cloudy,0,0,12
2024-12-03,1,18,cloudy,0,0,25
2024-12-03,1,19,cloudy,0,0,38
2024-12-03,1,20,cloudy,0,0,32
2024-12-03,1,21,cloudy,0,0,18
2024-12-04,2,11,cloudy,0,0,8
2024-12-04,2,12,cloudy,0,0,20
2024-12-04,2,13,cloudy,0,0,23
2024-12-04,2,14,cloudy,0,0,21
2024-12-04,2,15,cloudy,0,0,10
2024-12-04,2,16,cloudy,0,0,5
2024-12-04,2,17,cloudy,0,0,13
2024-12-04,2,18,cloudy,0,0,29
2024-12-04,2,19,cloudy,0,0,38
2024-12-04,2,20,cloudy,0,0,36
2024-12-04,2,21,cloudy,0,0,18
2024-12-05,3,11,cloudy,1,0,10
2024-12-05,3,12,cloudy,1,0,32
2024-12-05,3,13,cloudy,1,0,46
2024-12-05,3,14,cloudy,1,0,22
2024-12-05,3,15,cloudy,1,0,10
2024-12-05,3,16,cloudy,1,0,6
2024-12-05,3,17,cloudy,1,0,15
2024-12-05,3,18,cloudy,1,0,37
2024-12-05,3,19,cloudy,1,0,55
2024-12-05,3,20,cloudy,1,0,48
2024-12-05,3,21,cloudy,1,0,21
2024-12-06,4,11,rainy,0,0,5
2024-12-06,4,12,rainy,0,0,18
2024-12-06,4,13,rainy,0,0,19
2024-12-06,4,14,rainy,0,0,16
2024-12-06,4,15,rainy,0,0,10
2024-12-06,4,16,rainy,0,0,5
2024-12-06,4,17,rainy,0,0,9
2024-12-06,4,18,rainy,0,0,26
2024-12-06,4,19,rainy,0,0,29
2024-12-06,4,20,rainy,0,0,34
2024-12-06,4,21,rainy,0,0,17
2024-12-07,5,11,cloudy,0,0,11
2024-12-07,5,12,cloudy,0,0,29
2024-12-07,5,13,cloudy,0,0,37
2024-12-07,5,14,cloudy,0,0,21
2024-12-07,5,15,cloudy,0,0,14
2024-12-07,5,16,cloudy,0,0,7
2024-12-07,5,17,cloudy,0,0,12
2024-12-07,5,18,cloudy,0,0,40
2024-12-07,5,19,cloudy,0,0,62
2024-12-07,5,20,cloudy,0,0,46
2024-12-07,5,21,cloudy,0,0,33
2024-12-08,6,11,rainy,0,0,8
2024-12-08,6,12,rainy,0,0,23
2024-12-08,6,13,rainy,0,0,28
2024-12-08,6,14,rainy,0,0,18
2024-12-08,6,15,rainy,0,0,10
2024-12-08,6,16,rainy,0,0,6
2024-12-08,6,17,rainy,0,0,13
2024-12-08,6,18,rainy,0,0,27
2024-12-08,6,19,rainy,0,0,36
2024-12-08,6,20,rainy,0,0,31
2024-12-08,6,21,rainy,0,0,25
2024-12-09,0,11,rainy,0,0,5
2024-12-09,0,12,rainy,0,0,18
2024-12-09,0,13,rainy,0,0,22
2024-12-09,0,14,rainy,0,0,14
2024-12-09,0,15,rainy,0,0,7
2024-12-09,0,16,rainy,0,0,4
2024-12-09,0,17,rainy,0,0,9
2024-12-09,0,18,rainy,0,0,21
2024-12-09,0,19,rainy,0,0,34
2024-12-09,0,20,rainy,0,0,22
2024-12-09,0,21,rainy,0,0,17
2024-12-10,1,11,sunny,0,0,9
2024-12-10,1,12,sunny,0,0,24
2024-12-10,1,13,sunny,0,0,33
2024-12-10,1,14,sunny,0,0,20
2024-12-10,1,15,sunny,0,0,12
2024-12-10,1,16,sunny,0,0,8
2024-12-10,1,17,sunny,0,0,12
2024-12-10,1,18,sunny,0,0,27
2024-12-10,1,19,sunny,0,0,50
2024-12-10,1,20,sunny,0,0,48
2024-12-10,1,21,sunny,0,0,24
2024-12-11,2,11,sunny,1,0,10
2024-12-11,2,12,sunny,1,0,33
2024-12-11,2,13,sunny,1,0,37
2024-12-11,2,14,sunny,1,0,30
2024-12-11,2,15,sunny,1,0,13
2024-12-11,2,16,sunny,1,0,8
2024-12-11,2,17,sunny,1,0,16
2024-12-11,2,18,sunny,1,0,47
2024-12-11,2,19,sunny,1,0,59
2024-12-11,2,20,sunny,1,0,55
2024-12-11,2,21,sunny,1,0,31
2024-12-12,3,11,cloudy,0,0,7
2024-12-12,3,12,cloudy,0,0,19
2024-12-12,3,13,cloudy,0,0,35
2024-12-12,3,14,cloudy,0,0,19
2024-12-12,3,15,cloudy,0,0,9
2024-12-12,3,16,cloudy,0,0,7
2024-12-12,3,17,cloudy,0,0,14
2024-12-12,3,18,cloudy,0,0,29
2024-12-12,3,19,cloudy,0,0,41
2024-12-12,3,20,cloudy,0,0,30
2024-12-12,3,21,cloudy,0,0,19
2024-12-13,4,11,rainy,1,0,9
2024-12-13,4,12,rainy,1,0,26
2024-12-13,4,13,rainy,1,0,34
2024-12-13,4,14,rainy,1,0,22
2024-12-13,4,15,rainy,1,0,12
2024-12-13,4,16,rainy,1,0,6
2024-12-13,4,17,rainy,1,0,12
2024-12-13,4,18,rainy,1,0,33
2024-12-13,4,19,rainy,1,0,45
2024-12-13,4,20,rainy,1,0,46
2024-12-13,4,21,rainy,1,0,20
2024-12-14,5,11,sunny,0,0,12
2024-12-14,5,12,sunny,0,0,37
2024-12-14,5,13,sunny,0,0,44
2024-12-14,5,14,sunny,0,0,29
2024-12-14,5,15,sunny,0,0,15
2024-12-14,5,16,sunny,0,0,10
2024-12-14,5,17,sunny,0,0,15
2024-12-14,5,18,sunny,0,0,46
2024-12-14,5,19,sunny,0,0,66
2024-12-14,5,20,sunny,0,0,59
2024-12-14,5,21,sunny,0,0,37
2024-12-15,6,11,rainy,0,0,7
2024-12-15,6,12,rainy,0,0,26
2024-12-15,6,13,rainy,0,0,31
2024-12-15,6,14,rainy,0,0,16
2024-12-15,6,15,rainy,0,0,10
2024-12-15,6,16,rainy,0,0,6
2024-12-15,6,17,rainy,0,0,13
2024-12-15,6,18,rainy,0,0,30
2024-12-15,6,19,rainy,0,0,40
2024-12-15,6,20,rainy,0,0,42
2024-12-15,6,21,rainy,0,0,20
2024-12-16,0,11,rainy,0,0,7
2024-12-16,0,12,rainy,0,0,16
2024-12-16,0,13,rainy,0,0,20
2024-12-16,0,14,rainy,0,0,17
2024-12-16,0,15,rainy,0,0,7
2024-12-16,0,16,rainy,0,0,5
2024-12-16,0,17,rainy,0,0,10
2024-12-16,0,18,rainy,0,0,23
2024-12-16,0,19,rainy,0,0,25
2024-12-16,0,20,rainy,0,0,27
2024-12-16,0,21,rainy,0,0,16
2024-12-17,1,11,sunny,0,0,10
2024-12-17,1,12,sunny,0,0,30
2024-12-17,1,13,sunny,0,0,29
2024-12-17,1,14,sunny,0,0,22
2024-12-17,1,15,sunny,0,0,12
2024-12-17,1,16,sunny,0,0,7
2024-12-17,1,17,sunny,0,0,14
2024-12-17,1,18,sunny,0,0,26
2024-12-17,1,19,sunny,0,0,45
2024-12-17,1,20,sunny,0,0,34
2024-12-17,1,21,sunny,0,0,22
2024-12-18,2,11,rainy,0,0,7
2024-12-18,2,12,rainy,0,0,18
2024-12-18,2,13,rainy,0,0,18
2024-12-18,2,14,rainy,0,0,10
2024-12-18,2,15,rainy,0,0,8
2024-12-18,2,16,rainy,0,0,4
2024-12-18,2,17,rainy,0,0,8
2024-12-18,2,18,rainy,0,0,19
2024-12-18,2,19,rainy,0,0,29
2024-12-18,2,20,rainy,0,0,27
2024-12-18,2,21,rainy,0,0,17
2024-12-19,3,11,rainy,0,0,5
2024-12-19,3,12,rainy,0,0,19
2024-12-19,3,13,rainy,0,0,22
2024-12-19,3,14,rainy,0,0,15
2024-12-19,3,15,rainy,0,0,7
2024-12-19,3,16,rainy,0,0,5
2024-12-19,3,17,rainy,0,0,9
2024-12-19,3,18,rainy,0,0,22
2024-12-19,3,19,rainy,0,0,31
2024-12-19,3,20,rainy,0,0,27
2024-12-19,3,21,rainy,0,0,16
2024-12-20,4,11,stormy,0,0,4
2024-12-20,4,12,stormy,0,0,13
2024-12-20,4,13,stormy,0,0,19
2024-12-20,4,14,stormy,0,0,11
2024-12-20,4,15,stormy,0,0,6
2024-12-20,4,16,stormy,0,0,3
2024-12-20,4,17,stormy,0,0,7
2024-12-20,4,18,stormy,0,0,19
2024-12-20,4,19,stormy,0,0,18
2024-12-20,4,20,stormy,0,0,20
2024-12-20,4,21,stormy,0,0,9
2024-12-21,5,11,cloudy,0,0,10
2024-12-21,5,12,cloudy,0,0,34
2024-12-21,5,13,cloudy,0,0,41
2024-12-21,5,14,cloudy,0,0,21
2024-12-21,5,15,cloudy,0,0,13
2024-12-21,5,16,cloudy,0,0,8
2024-12-21,5,17,cloudy,0,0,13
2024-12-21,5,18,cloudy,0,0,38
2024-12-21,5,19,cloudy,0,0,54
2024-12-21,5,20,cloudy,0,0,48
2024-12-21,5,21,cloudy,0,0,23
2024-12-22,6,11,cloudy,1,0,15
2024-12-22,6,12,cloudy,1,0,40
2024-12-22,6,13,cloudy,1,0,44
2024-12-22,6,14,cloudy,1,0,33
2024-12-22,6,15,cloudy,1,0,16
2024-12-22,6,16,cloudy,1,0,9
2024-12-22,6,17,cloudy,1,0,22
2024-12-22,6,18,cloudy,1,0,62
2024-12-22,6,19,cloudy,1,0,76
2024-12-22,6,20,cloudy,1,0,68
2024-12-22,6,21,cloudy,1,0,32
2024-12-23,0,11,cloudy,0,0,9
2024-12-23,0,12,cloudy,0,0,26
2024-12-23,0,13,cloudy,0,0,26
2024-12-23,0,14,cloudy,0,0,15
2024-12-23,0,15,cloudy,0,0,8
2024-12-23,0,16,cloudy,0,0,4
2024-12-23,0,17,cloudy,0,0,11
2024-12-23,0,18,cloudy,0,0,35
2024-12-23,0,19,cloudy,0,0,39
2024-12-23,0,20,cloudy,0,0,36
2024-12-23,0,21,cloudy,0,0,23
2024-12-24,1,11,cloudy,0,0,7
2024-12-24,1,12,cloudy,0,0,21
2024-12-24,1,13,cloudy,0,0,26
2024-12-24,1,14,cloudy,0,0,19
2024-12-24,1,15,cloudy,0,0,9
2024-12-24,1,16,cloudy,0,0,5
2024-12-24,1,17,cloudy,0,0,13
2024-12-24,1,18,cloudy,0,0,34
2024-12-24,1,19,cloudy,0,0,40
2024-12-24,1,20,cloudy,0,0,29
2024-12-24,1,21,cloudy,0,0,17
2024-12-25,2,11,sunny,0,1,13
2024-12-25,2,12,sunny,0,1,42
2024-12-25,2,13,sunny,0,1,52
2024-12-25,2,14,sunny,0,1,36
2024-12-25,2,15,sunny,0,1,15
2024-12-25,2,16,sunny,0,1,9
2024-12-25,2,17,sunny,0,1,22
2024-12-25,2,18,sunny,0,1,54
2024-12-25,2,19,sunny,0,1,81
2024-12-25,2,20,sunny,0,1,63
2024-12-25,2,21,sunny,0,1,42
2024-12-26,3,11,stormy,1,1,9
2024-12-26,3,12,stormy,1,1,27
2024-12-26,3,13,stormy,1,1,29
2024-12-26,3,14,stormy,1,1,20
2024-12-26,3,15,stormy,1,1,12
2024-12-26,3,16,stormy,1,1,7
2024-12-26,3,17,stormy,1,1,14
2024-12-26,3,18,stormy,1,1,33
2024-12-26,3,19,stormy,1,1,51
2024-12-26,3,20,stormy,1,1,28
2024-12-26,3,21,stormy,1,1,18
2024-12-27,4,11,cloudy,0,0,9
2024-12-27,4,12,cloudy,0,0,24
2024-12-27,4,13,cloudy,0,0,32
2024-12-27,4,14,cloudy,0,0,17
2024-12-27,4,15,cloudy,0,0,11
2024-12-27,4,16,cloudy,0,0,7
2024-12-27,4,17,cloudy,0,0,15
2024-12-27,4,18,cloudy,0,0,40
2024-12-27,4,19,cloudy,0,0,45
2024-12-27,4,20,cloudy,0,0,39
2024-12-27,4,21,cloudy,0,0,17
2024-12-28,5,11,rainy,0,0,8
2024-12-28,5,12,rainy,0,0,22
2024-12-28,5,13,rainy,0,0,34
2024-12-28,5,14,rainy,0,0,20
2024-12-28,5,15,rainy,0,0,10
2024-12-28,5,16,rainy,0,0,6
2024-12-28,5,17,rainy,0,0,12
2024-12-28,5,18,rainy,0,0,31
2024-12-28,5,19,rainy,0,0,35
2024-12-28,5,20,rainy,0,0,38
2024-12-28,5,21,rainy,0,0,21
2024-12-29,6,11,rainy,0,0,8
2024-12-29,6,12,rainy,0,0,23
2024-12-29,6,13,rainy,0,0,32
2024-12-29,6,14,rainy,0,0,20
2024-12-29,6,15,rainy,0,0,10
2024-12-29,6,16,rainy,0,0,5
2024-12-29,6,17,rainy,0,0,12
2024-12-29,6,18,rainy,0,0,33
2024-12-29,6,19,rainy,0,0,48
2024-12-29,6,20,rainy,0,0,41
2024-12-29,6,21,rainy,0,0,19
2024-12-30,0,11,rainy,0,0,6
2024-12-30,0,12,rainy,0,0,19
2024-12-30,0,13,rainy,0,0,22
2024-12-30,0,14,rainy,0,0,12
2024-12-30,0,15,rainy,0,0,7
2024-12-30,0,16,rainy,0,0,4
2024-12-30,0,17,rainy,0,0,9
2024-12-30,0,18,rainy,0,0,20
2024-12-30,0,19,rainy,0,0,32
2024-12-30,0,20,rainy,0,0,30
2024-12-30,0,21,rainy,0,0,13
2024-12-31,1,11,sunny,0,0,10
2024-12-31,1,12,sunny,0,0,23
2024-12-31,1,13,sunny,0,0,28
2024-12-31,1,14,sunny,0,0,19
2024-12-31,1,15,sunny,0,0,11
2024-12-31,1,16,sunny,0,0,6
2024-12-31,1,17,sunny,0,0,13
2024-12-31,1,18,sunny,0,0,35
2024-12-31,1,19,sunny,0,0,45
2024-12-31,1,20,sunny,0,0,39
2024-12-31,1,21,sunny,0,0,18
